R;G;B;A;Count;FileCount
255;255;255;0;3938432;224
8;0;0;255;383593;186
61;7;9;255;3;1
207;156;155;255;33582;32
6;0;0;255;3009;10
4;0;0;255;1070;5
139;69;70;255;4;1
176;111;112;255;39;2
229;157;158;255;227;2
157;137;136;255;67;2
227;198;197;255;50165;32
75;56;56;255;21;2
57;50;49;255;52;2
119;61;63;255;13;2
138;78;79;255;13;2
147;86;87;255;35;2
44;38;38;255;13;2
62;54;54;255;39;2
82;71;71;255;70;2
33;29;29;255;13;2
119;104;104;255;25;2
48;42;42;255;12;2
143;108;107;255;74;2
108;94;93;255;13;2
91;79;79;255;12;2
173;151;150;255;173;2
132;115;114;255;70;2
92;69;69;255;5;2
101;88;87;255;32;2
5;0;0;255;1765;3
232;206;160;255;27;1
120;91;90;255;7;2
157;119;118;255;85;2
255;255;255;255;35522;132
216;172;126;255;21;1
185;115;113;255;20834;29
154;46;0;255;18;1
193;7;9;255;11;2
179;0;0;255;5847;28
131;0;0;255;7727;27
60;7;9;255;1;1
3;0;0;255;2137;2
193;46;0;255;14;1
6;0;0;134;32;1
214;125;127;255;20;2
127;127;127;255;730;3
167;167;167;255;4984;15
136;0;0;255;2;2
197;94;95;255;14;2
107;67;66;255;2;2
140;143;165;255;3410;3
175;178;198;255;3192;3
107;110;128;255;1187;3
74;76;91;255;393;1
175;178;198;0;630;2
130;135;166;255;169;1
97;102;136;255;113;1
130;135;166;0;320;1
25;26;30;255;58;1
44;45;53;255;30;1
61;63;74;255;44;1
77;82;112;255;43;1
223;204;221;255;129;7
8;0;0;0;12832;35
255;0;0;255;192;3
112;112;112;0;294;1
70;70;70;255;8088;6
112;112;112;255;26;2
54;65;78;0;393;2
54;65;78;255;1493;3
73;87;105;255;784;3
73;87;105;0;8596;2
37;45;54;255;548;3
131;101;59;255;72;3
37;45;54;0;95;1
141;141;141;0;38003;1
2;2;2;255;4838;2
30;30;30;255;5234;5
42;42;42;255;3411;5
3;0;8;255;383;1
19;19;19;255;643;1
51;23;87;255;183;1
33;15;56;255;255;1
119;119;119;255;3940;17
79;79;79;255;9;1
53;53;53;255;3;1
141;141;141;255;16;1
41;41;41;255;9;3
66;66;66;255;22;1
71;32;121;255;8;1
255;255;255;64;636;4
255;255;255;112;2;1
70;64;64;255;24;1
116;127;143;255;6;1
70;84;106;255;190;1
91;114;145;255;128;1
164;171;180;255;8;1
54;64;76;255;86;1
40;48;57;255;30;1
193;169;169;255;481;1
219;205;205;255;859;1
86;19;19;255;300;1
165;133;132;255;123;1
114;26;26;255;449;1
107;0;0;255;876;18
255;212;239;255;14;1
255;156;177;255;94;1
228;110;126;255;160;1
255;218;247;255;3;1
255;242;255;255;4;1
255;148;167;255;482;1
169;81;92;255;667;1
237;116;132;255;488;1
255;239;255;255;7;1
255;172;196;255;101;1
255;126;145;255;5;1
255;253;255;255;1;1
255;231;255;255;673;1
255;135;153;255;3;1
255;199;226;255;4;1
255;186;210;255;4;1
255;167;188;255;3;1
255;196;223;255;3;1
207;100;113;255;153;1
255;169;191;255;1;1
255;177;202;255;557;1
204;100;113;255;1;1
255;137;156;255;2;1
255;191;215;255;2;1
239;116;132;255;2;1
255;169;194;255;1;1
110;49;57;255;305;1
255;204;231;255;3;1
255;175;199;255;1;1
250;124;140;255;2;1
255;129;148;255;2;1
242;118;135;255;2;1
255;194;218;255;3;1
255;180;204;255;1;1
255;153;175;255;2;1
255;188;212;255;4;1
255;151;172;255;1;1
253;124;140;255;1;1
255;245;255;255;3;1
255;250;255;255;5;1
255;220;247;255;2;1
172;81;94;255;2;1
255;237;255;255;1;1
255;207;234;255;5;1
255;210;237;255;2;1
255;183;207;255;3;1
255;159;180;255;1;1
255;140;159;255;2;1
180;86;100;255;1;1
183;86;100;255;1;1
255;228;255;255;1;1
60;7;7;255;2199;15
121;14;14;255;9083;17
175;36;36;255;1857;11
199;178;153;255;53;7
153;134;117;255;1668;7
158;11;15;255;3040;7
162;140;144;255;1322;9
237;28;36;255;325;7
201;190;203;255;3071;9
115;98;101;255;878;9
175;36;36;0;9796;5
14;0;0;255;6341;25
79;9;9;255;4672;13
60;7;7;0;38464;5
121;0;0;255;93;8
79;9;9;0;18599;7
140;98;57;255;1529;8
96;57;19;255;5249;12
52;29;17;255;843;9
60;38;30;255;1467;7
45;55;64;255;1992;9
23;37;46;255;5162;9
7;22;31;255;1064;9
7;31;45;255;1188;6
81;56;45;0;11458;3
181;164;125;255;1397;8
146;104;90;255;4418;8
81;56;45;255;767;8
98;71;59;255;1188;6
166;89;90;255;9;1
109;82;81;255;10;1
44;33;33;255;1;1
83;62;62;255;1;1
194;194;194;255;66;2
156;7;9;255;1;1
141;87;86;255;2;1
130;79;78;255;890;1
201;88;89;255;81;1
138;88;87;255;208;1
16;9;9;255;48;1
79;9;11;255;4;1
168;69;71;255;16;1
153;117;116;255;40;1
173;82;85;255;27;1
216;116;118;255;68;1
179;89;91;255;24;1
167;146;145;255;64;1
188;109;111;255;32;1
207;79;78;255;53;1
230;145;147;255;160;1
145;108;107;255;275;1
236;137;136;255;302;1
188;94;93;255;47;1
159;137;136;255;234;1
222;108;107;255;49;1
128;79;78;255;196;1
167;55;54;255;12;1
187;94;93;255;13;1
177;74;74;255;9;1
183;102;105;255;20;1
163;63;65;255;1;1
179;74;74;255;2;1
88;55;54;255;1;1
60;60;60;0;8859;1
33;29;28;255;901;1
60;60;60;255;2214;3
33;29;28;0;3;1
40;39;39;0;11117;1
40;39;39;255;536;1
51;51;51;255;9493;12
155;155;155;255;80;2
67;67;67;255;7048;10
30;29;29;255;75;1
147;99;7;255;358;4
207;179;7;255;227;4
137;137;137;255;1213;3
42;42;42;0;869;3
175;164;92;255;619;1
210;204;163;255;448;1
114;106;55;255;308;1
8;0;0;61;73;2
32;32;32;255;109;1
32;32;32;0;506;1
8;0;0;142;22;1
8;0;0;107;49;1
8;0;0;169;4;1
31;31;31;255;2233;8
31;31;31;0;9576;3
114;106;55;0;61;1
179;46;176;255;2692;4
128;128;128;255;1390;10
1;0;8;255;725;5
203;0;0;255;194;7
243;108;79;255;60;5
204;0;96;255;160;5
108;0;84;255;100;5
241;110;170;255;60;5
255;243;0;255;42;1
155;0;0;255;4006;16
134;103;103;255;8708;7
227;198;197;0;34791;10
0;191;243;0;24;1
150;73;71;255;20;1
150;73;71;0;8;1
185;115;113;0;81295;16
231;231;231;0;50778;1
0;106;247;255;5422;1
95;151;241;255;8061;1
0;38;247;255;5675;1
161;95;124;0;41673;1
75;29;49;255;217;1
147;84;112;255;324;1
0;0;180;255;20;1
244;154;194;0;191;1
95;151;241;0;36;1
0;0;180;0;8;1
0;38;247;0;14;1
213;134;0;0;18;1
78;78;78;255;1326;4
186;102;102;255;400;2
255;151;151;255;196;2
51;51;51;0;99;1
57;181;74;0;5363;2
137;137;137;0;2552;3
106;106;106;0;374;1
64;64;64;255;746;2
43;43;43;255;407;1
22;22;22;255;58;1
22;22;22;0;5;1
172;172;172;255;5229;7
183;183;183;0;27;1
64;64;64;0;12;1
158;144;147;255;2315;9
199;192;200;255;5527;9
227;224;228;255;52;4
112;101;103;255;815;9
158;144;147;0;3;1
60;50;51;255;124;4
187;187;187;255;849;27
14;0;0;0;8;1
228;222;229;255;213;13
104;96;100;255;88;4
140;98;57;0;29;3
96;57;19;0;6;2
52;29;17;0;1253;5
60;38;30;0;58;2
125;125;125;255;9139;9
37;37;37;0;2215;7
29;29;29;255;1263;5
37;37;37;255;7970;11
29;29;29;0;51803;4
54;54;54;255;6696;10
85;83;72;255;13;1
6;4;3;255;6;1
114;111;94;255;37;2
61;59;50;255;26;2
87;23;23;255;4305;8
56;15;15;255;1275;4
61;59;50;0;25520;1
121;32;32;255;7401;10
114;111;94;0;37;1
84;84;84;0;4117;14
54;54;54;0;15365;3
3;3;3;255;20296;11
113;113;113;255;30;1
33;9;9;255;8;1
68;18;18;255;14;2
147;147;147;255;1;1
113;113;113;0;3;1
74;19;19;255;1;1
95;25;25;255;1;1
52;14;14;255;8;2
87;23;23;0;39;1
196;51;51;255;538;2
56;15;15;0;5;1
121;32;32;0;9;1
196;51;51;0;3;1
59;59;59;255;123;1
163;31;31;255;172;1
209;41;41;255;114;1
129;129;129;255;185;1
242;165;165;255;45;1
255;233;233;255;63;1
228;96;96;255;113;1
85;85;85;255;3975;8
17;17;17;255;539;4
35;35;35;255;1673;4
90;0;0;255;10;1
17;17;17;0;14747;2
163;31;31;0;1;1
158;11;15;0;1398;2
238;28;36;255;6466;3
76;0;0;0;1510;1
76;0;0;255;629;1
58;0;0;255;262;2
58;0;0;0;10586;2
198;196;196;0;1;1
94;6;9;0;7063;1
94;6;9;255;298;1
180;169;168;0;20;6
18;1;2;255;13205;2
23;7;8;255;3030;2
153;134;117;0;68782;1
213;193;169;255;1966;1
93;79;69;255;1907;1
54;47;45;0;14271;1
54;47;45;255;1536;1
189;99;109;255;3124;2
85;19;19;255;608;3
215;163;166;255;7020;2
235;212;214;255;12918;2
33;18;19;255;31;2
28;13;14;255;229;2
232;210;212;255;1209;2
38;23;24;255;4;2
165;56;73;255;32;2
213;193;169;0;3241;1
192;188;188;255;4;2
188;101;111;255;838;2
151;45;45;255;23;2
88;24;24;255;101;2
212;163;165;255;2073;2
210;163;164;255;168;2
151;151;151;255;1588;12
229;208;210;255;144;2
90;29;29;255;20;2
208;163;163;255;47;2
206;163;163;255;11;2
187;103;113;255;105;2
185;107;115;255;13;2
188;59;59;255;33;2
93;79;69;0;41;1
151;49;49;255;7;2
186;105;114;255;42;2
226;206;208;255;4;2
164;60;76;255;12;2
18;1;2;0;57;1
145;113;140;255;276;1
94;75;87;255;125;1
175;151;171;255;536;1
68;54;63;255;25;1
60;48;55;255;74;1
78;48;24;255;984;4
82;31;34;255;975;2
122;47;51;255;1364;2
177;68;74;255;99;2
171;160;160;255;546;3
140;123;123;255;636;3
140;123;123;0;67;1
97;85;85;255;268;3
97;85;85;0;489;1
65;57;57;255;95;3
55;20;23;255;99;1
171;160;160;0;3;1
255;255;255;13;900;3
255;255;255;26;702;3
255;255;255;38;726;3
255;255;255;4;18;3
255;255;255;51;762;3
255;255;255;40;6;3
255;255;255;35;18;3
255;255;255;8;18;3
255;255;255;16;6;3
255;255;255;2;24;3
255;255;255;36;6;3
255;255;255;11;6;3
255;255;255;19;6;3
255;255;255;30;6;3
255;255;255;33;6;3
255;255;255;18;6;3
255;255;255;14;6;3
255;255;255;25;6;3
255;255;255;39;6;3
255;255;255;24;6;3
255;255;255;9;6;3
255;255;255;77;516;3
255;255;255;20;6;3
255;255;255;42;6;3
255;255;255;28;6;3
255;255;255;7;6;3
255;255;255;17;6;3
255;255;255;48;6;3
255;255;255;89;474;3
255;255;255;34;6;3
255;255;255;12;6;3
255;255;255;50;12;3
255;255;255;37;12;3
255;255;255;10;12;3
255;255;255;102;366;3
255;255;255;41;12;3
80;45;38;255;80;1
57;32;27;255;40;1
40;22;19;255;38;1
23;12;10;255;38;1
143;77;0;0;100533;1
143;77;0;255;8592;2
176;110;0;255;200;1
209;143;0;255;7244;2
255;190;50;255;12342;2
232;166;25;255;120;1
232;167;25;255;40;1
255;190;50;0;2438;1
8;0;0;87;403;1
176;120;0;255;829;1
111;60;0;255;421;2
97;51;0;255;1;1
112;60;0;255;18;1
111;60;0;0;10849;1
25;25;18;77;18;1
25;25;18;255;574;1
25;25;18;0;24;1
253;224;224;255;2;1
241;92;92;255;4;1
216;34;34;255;3;1
161;35;35;255;1;1
113;19;19;255;3;1
95;53;5;255;1;1
121;67;5;255;4;1
211;157;45;255;1;1
174;120;5;255;2;1
64;21;19;255;314;1
26;15;9;255;2;1
94;238;100;255;1;1
45;184;51;255;1;1
45;135;48;255;1;1
33;102;35;255;1;1
67;24;20;255;63;1
193;208;254;255;2;1
45;78;184;255;4;1
71;27;21;255;63;1
45;61;114;255;2;1
27;25;19;255;2;1
84;32;25;255;63;1
41;25;26;255;133;1
52;32;33;255;83;1
72;43;45;255;233;1
96;57;58;255;205;1
141;79;82;255;7;1
34;20;12;77;37;1
48;34;29;255;245;1
84;57;47;255;149;1
47;33;28;255;13;1
48;34;28;255;3;1
121;80;65;255;108;1
176;115;93;255;39;1
120;79;64;255;4;1
78;53;43;255;3;1
43;29;23;255;8;1
63;42;32;255;1;1
69;46;36;255;1;1
77;52;42;255;1;1
65;44;36;255;4;1
66;45;37;255;75;1
175;115;93;255;4;1
174;114;92;255;4;1
173;113;91;255;3;1
82;56;46;255;4;1
44;30;24;255;5;1
53;34;25;255;2;1
63;40;30;255;3;1
66;42;32;255;1;1
79;51;39;255;1;1
134;87;69;255;1;1
172;112;90;255;2;1
83;57;47;255;1;1
82;55;45;255;2;1
80;54;44;255;2;1
76;51;42;255;1;1
71;47;38;255;2;1
95;62;49;255;2;1
103;68;54;255;1;1
110;73;59;255;2;1
112;74;60;255;2;1
111;73;59;255;3;1
155;101;81;255;2;1
89;58;45;255;1;1
39;25;18;255;16;1
50;32;23;255;5;1
61;39;29;255;7;1
81;52;39;255;1;1
91;58;44;255;1;1
81;53;41;255;1;1
100;65;52;255;1;1
118;78;63;255;2;1
170;111;90;255;1;1
162;106;85;255;1;1
147;96;76;255;1;1
125;81;64;255;1;1
105;68;53;255;1;1
69;44;34;255;1;1
52;33;24;255;1;1
84;53;40;255;1;1
92;59;45;255;2;1
102;66;51;255;1;1
104;67;52;255;1;1
101;65;50;255;2;1
99;63;49;255;2;1
75;48;37;255;1;1
48;31;23;255;8;1
64;40;30;255;3;1
50;32;24;255;5;1
82;52;40;255;1;1
110;71;55;255;1;1
123;80;63;255;1;1
97;64;50;255;1;1
171;112;90;255;1;1
164;107;86;255;1;1
152;99;79;255;1;1
94;62;49;255;1;1
82;53;41;255;3;1
94;60;46;255;1;1
82;52;39;255;1;1
49;31;23;255;6;1
61;39;28;255;8;1
78;49;37;255;1;1
62;40;29;255;2;1
62;39;29;255;3;1
45;28;20;255;9;1
79;50;38;255;2;1
79;50;37;255;1;1
81;51;39;255;1;1
83;53;40;255;2;1
97;62;48;255;1;1
158;103;83;255;1;1
167;109;88;255;1;1
161;105;84;255;1;1
137;89;71;255;1;1
116;75;59;255;1;1
90;57;44;255;1;1
46;29;21;255;7;1
47;30;22;255;4;1
40;26;19;255;10;1
67;43;32;255;1;1
76;49;37;255;1;1
87;56;44;255;1;1
107;71;57;255;1;1
83;56;46;255;2;1
69;46;37;255;1;1
71;45;34;255;2;1
64;41;30;255;3;1
51;32;24;255;1;1
52;33;25;255;2;1
44;28;20;255;20;1
45;29;21;255;5;1
42;28;22;255;5;1
45;31;25;255;3;1
45;31;26;255;5;1
46;32;26;255;6;1
59;40;32;255;1;1
55;37;29;255;3;1
38;24;17;255;4;1
46;30;22;255;1;1
57;38;30;255;5;1
64;44;36;255;1;1
54;36;28;255;3;1
43;29;22;255;1;1
43;29;24;255;1;1
46;32;27;255;8;1
34;20;12;88;1;1
34;20;12;83;2;1
34;20;12;80;4;1
34;20;12;79;4;1
34;20;12;78;8;1
41;27;20;255;5;1
39;25;19;255;2;1
44;30;25;255;1;1
34;20;12;84;3;1
34;20;12;81;2;1
34;20;12;87;2;1
34;20;12;93;2;1
34;20;12;99;1;1
34;20;12;103;1;1
34;20;12;113;2;1
50;33;25;255;2;1
53;35;27;255;4;1
34;20;12;82;4;1
34;20;12;1;25;1
47;33;27;255;4;1
51;33;25;255;1;1
40;26;20;255;4;1
76;51;41;255;1;1
65;45;37;255;2;1
57;37;28;255;1;1
61;41;33;255;2;1
77;50;38;255;1;1
63;42;34;255;3;1
86;56;44;255;1;1
64;43;35;255;2;1
54;35;26;255;1;1
40;29;25;255;72;1
49;32;24;255;2;1
79;53;43;255;1;1
34;20;12;6;7;1
60;40;32;255;1;1
39;25;17;255;3;1
119;78;64;255;1;1
101;66;53;255;2;1
34;20;12;23;6;1
41;27;21;255;1;1
104;68;55;255;1;1
56;36;27;255;1;1
34;20;12;111;1;1
34;20;12;3;11;1
52;34;26;255;1;1
85;55;43;255;1;1
115;76;61;255;2;1
60;39;30;255;2;1
34;20;12;15;4;1
59;39;31;255;1;1
117;77;62;255;1;1
67;44;35;255;1;1
34;20;12;109;1;1
102;67;53;255;1;1
34;20;12;14;2;1
69;44;33;255;1;1
70;47;38;255;1;1
109;72;58;255;1;1
72;46;35;255;1;1
34;20;12;41;2;1
60;41;33;255;1;1
110;72;58;255;2;1
34;20;12;134;2;1
34;20;12;7;7;1
34;20;12;30;2;1
34;20;12;5;8;1
34;20;12;4;10;1
34;20;12;2;6;1
117;77;63;255;1;1
34;20;12;26;3;1
34;20;12;20;1;1
34;20;12;17;5;1
34;20;12;13;1;1
34;20;12;12;4;1
34;20;12;10;6;1
34;20;12;21;2;1
93;60;48;255;1;1
34;20;12;172;2;1
34;20;12;74;1;1
34;20;12;62;3;1
34;20;12;56;1;1
34;20;12;50;2;1
34;20;12;45;3;1
34;20;12;42;2;1
34;20;12;40;3;1
34;20;12;36;1;1
34;20;12;44;1;1
34;20;12;52;1;1
34;20;12;120;2;1
34;20;12;16;3;1
34;20;12;104;2;1
59;38;29;255;1;1
34;20;12;144;1;1
34;20;12;130;2;1
34;20;12;121;1;1
34;20;12;106;2;1
34;20;12;101;1;1
34;20;12;97;2;1
34;20;12;98;1;1
34;20;12;117;2;1
34;20;12;31;1;1
34;20;12;68;1;1
74;50;40;255;1;1
34;20;12;221;1;1
34;20;12;200;2;1
34;20;12;191;1;1
34;20;12;183;2;1
34;20;12;179;1;1
34;20;12;171;3;1
34;20;12;169;1;1
34;20;12;178;1;1
34;20;12;208;2;1
34;20;12;108;1;1
34;20;12;61;1;1
34;20;12;24;3;1
34;20;12;18;3;1
34;20;12;51;2;1
34;20;12;110;2;1
34;20;12;205;1;1
34;20;12;168;1;1
34;20;12;66;2;1
34;20;12;49;1;1
34;20;12;102;1;1
34;20;12;116;1;1
34;20;12;59;1;1
34;20;12;34;1;1
34;20;12;133;1;1
34;20;12;211;2;1
34;20;12;223;1;1
34;20;12;230;1;1
34;20;12;231;2;1
34;20;12;234;1;1
34;20;12;236;1;1
34;20;12;241;1;1
34;20;12;242;1;1
34;20;12;244;1;1
34;20;12;247;4;1
34;20;12;249;1;1
34;20;12;245;1;1
34;20;12;240;1;1
34;20;12;215;2;1
34;20;12;186;1;1
34;20;12;139;1;1
34;20;12;85;1;1
34;20;12;19;2;1
34;20;12;46;1;1
34;20;12;149;1;1
34;20;12;167;1;1
34;20;12;176;1;1
34;20;12;182;1;1
34;20;12;188;1;1
34;20;12;195;1;1
34;20;12;202;1;1
34;20;12;218;1;1
34;20;12;222;1;1
34;20;12;220;1;1
34;20;12;219;1;1
34;20;12;212;1;1
34;20;12;184;1;1
34;20;12;160;1;1
34;20;12;126;1;1
34;20;12;8;3;1
34;20;12;95;1;1
34;20;12;125;1;1
34;20;12;140;1;1
34;20;12;148;1;1
34;20;12;152;1;1
34;20;12;156;2;1
34;20;12;158;1;1
34;20;12;154;1;1
34;20;12;143;1;1
34;20;12;112;1;1
34;20;12;92;1;1
34;20;12;32;1;1
34;20;12;39;2;1
34;20;12;47;1;1
34;20;12;53;1;1
34;20;12;58;1;1
34;20;12;64;1;1
34;20;12;72;1;1
34;20;12;73;1;1
34;20;12;70;1;1
34;20;12;11;2;1
34;20;12;27;2;1
34;20;12;28;2;1
34;20;12;29;1;1
237;211;28;0;739;1
237;211;28;66;10;1
237;211;28;136;1;1
237;211;28;139;4;1
237;211;28;142;10;1
237;211;28;144;5;1
237;211;28;147;9;1
237;211;28;149;4;1
237;211;28;151;7;1
237;211;28;152;2;1
237;211;28;154;3;1
237;211;28;155;4;1
237;211;28;135;9;1
237;211;28;63;10;1
237;211;28;128;14;1
237;211;28;132;5;1
237;211;28;138;8;1
237;211;28;141;2;1
237;211;28;143;4;1
237;211;28;145;1;1
237;211;28;150;2;1
237;211;28;146;3;1
237;211;28;129;1;1
237;211;28;60;11;1
237;211;28;125;5;1
237;211;28;131;8;1
237;211;28;134;3;1
237;211;28;137;5;1
237;211;28;140;4;1
237;211;28;126;7;1
237;211;28;61;10;1
237;211;28;57;13;1
237;211;28;118;8;1
237;211;28;121;9;1
237;211;28;133;8;1
237;211;28;55;16;1
237;211;28;114;9;1
237;211;28;120;2;1
237;211;28;124;10;1
237;211;28;51;7;1
237;211;28;107;9;1
237;211;28;111;3;1
237;211;28;117;10;1
237;211;28;119;6;1
237;211;28;122;4;1
237;211;28;130;1;1
237;211;28;110;7;1
237;211;28;52;20;1
237;211;28;50;15;1
237;211;28;103;12;1
237;211;28;106;3;1
237;211;28;112;11;1
237;211;28;115;5;1
237;211;28;127;2;1
237;211;28;109;4;1
237;211;28;46;6;1
237;211;28;96;10;1
237;211;28;99;8;1
237;211;28;105;6;1
237;211;28;108;8;1
237;211;28;123;1;1
80;0;0;255;12;1
237;211;28;44;12;1
237;211;28;91;9;1
237;211;28;95;4;1
237;211;28;98;8;1
237;211;28;101;8;1
237;211;28;104;5;1
237;211;28;92;8;1
237;211;28;41;12;1
237;211;28;85;6;1
237;211;28;88;10;1
237;211;28;94;6;1
237;211;28;113;1;1
237;211;28;97;5;1
237;211;28;39;15;1
237;211;28;81;5;1
237;211;28;84;8;1
237;211;28;87;10;1
237;211;28;89;7;1
237;211;28;36;18;1
237;211;28;75;9;1
237;211;28;77;14;1
237;211;28;80;9;1
237;211;28;83;8;1
237;211;28;90;2;1
237;211;28;100;2;1
237;211;28;102;2;1
237;211;28;82;10;1
237;211;28;33;9;1
237;211;28;68;15;1
237;211;28;71;11;1
237;211;28;73;16;1
237;211;28;76;5;1
237;211;28;79;5;1
237;211;28;93;6;1
237;211;28;86;3;1
237;211;28;34;25;1
237;211;28;31;27;1
237;211;28;65;8;1
237;211;28;70;5;1
237;211;28;72;4;1
237;211;28;69;5;1
237;211;28;67;7;1
237;211;28;28;10;1
237;211;28;59;16;1
237;211;28;64;15;1
237;211;28;78;5;1
237;211;28;29;35;1
237;211;28;27;31;1
237;211;28;58;5;1
237;211;28;74;3;1
237;211;28;62;5;1
237;211;28;26;16;1
237;211;28;23;18;1
237;211;28;54;11;1
237;211;28;25;14;1
237;211;28;22;39;1
237;211;28;47;19;1
237;211;28;49;7;1
237;211;28;53;7;1
237;211;28;20;42;1
237;211;28;42;10;1
237;211;28;48;12;1
237;211;28;21;13;1
237;211;28;19;19;1
237;211;28;43;17;1
237;211;28;45;18;1
237;211;28;56;6;1
237;211;28;18;16;1
237;211;28;17;26;1
237;211;28;35;13;1
237;211;28;37;11;1
237;211;28;38;20;1
237;211;28;40;17;1
237;211;28;15;33;1
237;211;28;32;16;1
237;211;28;13;26;1
237;211;28;30;7;1
237;211;28;14;18;1
237;211;28;12;16;1
47;0;0;255;12;1
237;211;28;11;21;1
237;211;28;24;29;1
121;0;0;0;8;3
47;0;0;0;4;1
237;211;28;10;35;1
237;211;28;9;16;1
237;211;28;8;18;1
237;211;28;7;9;1
237;211;28;16;19;1
237;211;28;6;10;1
237;211;28;5;21;1
237;211;28;4;29;1
237;211;28;3;21;1
237;211;28;2;26;1
237;211;28;1;46;1
182;73;0;0;1615;1
182;73;0;1;155;1
182;73;0;2;94;1
182;73;0;3;66;1
182;73;0;4;64;1
213;129;33;1;33;1
182;73;0;5;27;1
182;73;0;7;47;1
182;73;0;6;65;1
190;87;8;6;13;1
195;95;13;4;28;1
187;82;5;10;2;1
193;92;11;15;3;1
190;87;8;19;4;1
190;87;8;20;8;1
185;78;3;16;9;1
186;80;4;12;3;1
188;83;6;8;8;1
182;73;0;10;26;1
182;73;0;8;10;1
182;73;0;11;20;1
182;73;0;15;11;1
182;73;0;16;13;1
182;73;0;13;29;1
182;73;0;18;11;1
185;78;3;17;3;1
196;98;14;11;4;1
201;107;20;11;7;1
196;99;15;14;4;1
192;91;10;21;7;1
191;89;9;29;7;1
190;86;8;35;3;1
189;86;7;38;1;1
189;84;7;32;3;1
189;85;7;24;4;1
192;90;10;16;2;1
201;107;20;8;10;1
240;96;0;191;10;1
198;101;17;3;38;1
182;73;0;19;8;1
182;73;0;25;5;1
182;73;0;27;4;1
182;73;0;22;8;1
182;73;0;21;6;1
184;76;2;29;1;1
184;76;2;34;2;1
187;81;5;33;2;1
190;87;8;27;3;1
194;94;12;22;3;1
197;100;16;20;1;1
198;101;16;27;2;1
193;92;11;38;1;1
191;89;9;51;3;1
190;87;8;61;2;1
183;74;1;193;15;1
190;87;8;54;2;1
189;86;7;40;1;1
192;90;10;26;2;1
197;99;16;14;5;1
215;131;34;5;15;1
245;185;66;1;221;1
182;73;0;14;10;1
182;73;0;9;14;1
186;81;5;10;11;1
182;73;0;28;3;1
182;73;0;33;2;1
191;89;9;5;23;1
186;80;4;13;8;1
184;77;2;20;7;1
184;76;2;28;3;1
184;76;2;33;3;1
184;76;2;25;3;1
185;77;3;19;5;1
182;73;0;35;4;1
182;73;0;191;7;1
182;73;0;30;3;1
183;75;1;44;1;1
240;96;0;192;15;1
187;82;5;50;3;1
189;86;7;41;7;1
195;96;13;36;4;1
196;98;15;36;1;1
196;99;16;46;3;1
194;94;12;62;1;1
192;91;10;80;1;1
183;75;1;194;8;1
240;97;1;194;20;1
191;89;9;82;1;1
191;89;10;60;1;1
194;95;13;41;2;1
200;106;20;22;1;1
212;126;31;8;6;1
245;185;66;3;60;1
245;185;66;2;100;1
185;79;4;13;5;1
185;78;3;18;3;1
183;75;1;41;2;1
185;78;3;53;1;1
185;78;3;59;1;1
182;73;0;192;17;1
183;75;1;43;5;1
184;76;2;30;3;1
189;85;7;7;31;1
193;93;12;14;5;1
191;89;10;17;7;1
190;85;8;23;7;1
187;81;5;35;2;1
186;81;4;47;4;1
186;80;4;55;1;1
185;80;4;42;2;1
187;82;5;30;2;1
191;89;9;18;4;1
182;73;0;23;4;1
182;73;0;32;4;1
182;73;0;26;3;1
185;80;4;44;1;1
186;80;4;58;1;1
242;140;33;192;3;1
240;97;1;193;22;1
192;90;10;58;4;1
196;99;15;54;3;1
199;102;17;57;1;1
198;101;16;69;2;1
196;98;14;91;1;1
193;94;11;113;1;1
240;98;2;196;27;1
184;76;2;196;12;1
194;94;13;86;1;1
196;98;14;59;1;1
201;107;19;35;2;1
210;124;30;18;1;1
229;156;49;9;11;1
245;185;66;4;29;1
189;85;7;32;4;1
186;81;4;48;2;1
185;79;3;68;2;1
185;78;3;83;2;1
185;79;3;65;2;1
185;80;4;45;2;1
188;84;6;26;4;1
195;96;14;12;6;1
207;118;27;6;4;1
211;125;31;5;8;1
207;117;26;8;3;1
191;89;10;27;4;1
190;87;8;33;1;1
188;84;6;35;2;1
189;86;7;29;6;1
205;113;24;7;13;1
215;132;34;6;6;1
197;100;16;17;1;1
190;87;8;32;1;1
187;82;5;49;2;1
187;82;5;65;1;1
187;81;5;56;5;1
188;83;6;39;1;1
191;89;10;23;6;1
231;160;51;3;20;1
185;79;3;15;7;1
184;77;2;25;3;1
245;185;66;191;2;1
183;75;1;36;4;1
184;76;2;27;3;1
187;81;5;32;3;1
186;81;4;49;1;1
245;185;66;193;4;1
242;141;34;194;5;1
195;96;13;72;2;1
199;104;17;74;3;1
201;106;19;82;1;1
199;104;18;99;1;1
197;101;15;124;1;1
184;77;3;199;7;1
240;99;3;199;31;1
242;142;34;199;8;1
240;99;2;198;23;1
197;101;15;115;1;1
200;105;18;82;1;1
203;110;22;52;1;1
212;126;31;31;1;1
222;145;42;16;6;1
193;92;11;19;1;1
188;84;6;48;2;1
188;83;6;75;1;1
186;81;4;99;1;1
186;79;4;87;1;1
187;82;5;59;2;1
194;95;12;17;6;1
221;143;41;4;1;1
222;145;43;6;8;1
221;141;41;8;2;1
212;126;31;14;2;1
201;106;19;24;3;1
192;92;11;48;3;1
191;89;9;57;2;1
190;88;8;49;1;1
193;93;12;37;1;1
193;92;11;23;3;1
200;105;19;11;3;1
233;164;53;4;7;1
228;155;48;5;1;1
213;128;32;13;3;1
199;104;18;24;2;1
194;94;13;43;3;1
190;88;8;62;1;1
190;87;8;67;2;1
191;90;11;48;4;1
197;99;15;29;1;1
203;110;22;12;3;1
219;140;40;5;12;1
199;103;18;9;3;1
182;73;0;20;6;1
182;73;0;12;7;1
197;101;16;10;7;1
188;83;6;38;3;1
187;81;5;34;1;1
245;185;66;194;5;1
242;141;34;195;5;1
199;104;18;85;2;1
202;108;20;93;1;1
203;110;21;110;1;1
202;109;20;131;1;1
185;79;4;202;8;1
240;101;4;203;27;1
242;143;35;203;9;1
240;101;4;202;25;1
200;106;18;143;1;1
202;108;20;109;1;1
205;114;23;77;2;1
209;122;28;48;2;1
217;134;36;28;2;1
230;159;50;9;4;1
198;103;17;15;3;1
198;101;16;26;5;1
194;94;12;44;1;1
190;88;8;69;1;1
190;86;7;103;1;1
189;85;7;109;1;1
190;87;8;75;1;1
192;91;11;45;1;1
194;95;13;24;5;1
200;106;20;14;6;1
198;101;16;13;7;1
236;170;57;5;6;1
234;166;54;9;1;1
224;147;44;13;2;1
210;124;29;23;1;1
202;107;20;40;2;1
196;99;15;58;1;1
193;93;11;74;3;1
183;75;1;195;13;1
192;91;11;72;1;1
194;95;13;55;3;1
197;99;15;35;3;1
204;113;23;18;6;1
215;131;34;9;3;1
199;103;17;12;6;1
184;77;2;24;2;1
182;73;0;31;4;1
182;73;0;34;2;1
212;126;31;10;2;1
215;132;34;14;1;1
209;121;28;21;1;1
202;109;21;35;2;1
197;100;16;54;2;1
195;97;13;75;1;1
240;98;1;195;26;1
245;185;66;195;10;1
194;94;12;82;2;1
195;97;14;59;1;1
200;105;18;37;2;1
208;120;28;19;3;1
219;139;39;11;3;1
203;110;21;14;5;1
193;93;12;18;4;1
184;77;2;22;8;1
185;79;3;14;10;1
195;96;14;20;2;1
195;97;13;23;5;1
195;96;13;23;3;1
197;100;16;27;5;1
195;96;14;32;1;1
194;93;12;36;2;1
192;91;11;30;6;1
192;91;10;26;7;1
192;91;11;20;8;1
202;109;21;8;3;1
193;93;11;43;1;1
194;95;13;60;2;1
199;104;18;87;2;1
203;111;21;98;1;1
205;114;23;116;1;1
205;116;23;139;1;1
187;81;5;206;9;1
240;103;5;207;24;1
240;104;6;209;14;1
242;144;36;209;9;1
242;144;36;208;7;1
186;80;4;205;7;1
205;115;23;140;1;1
206;117;24;106;1;1
209;121;28;74;1;1
213;128;31;47;1;1
204;112;23;21;1;1
200;104;18;38;1;1
194;96;14;63;1;1
192;92;11;95;1;1
192;92;11;92;4;1
195;97;14;58;1;1
198;101;16;36;2;1
202;107;20;27;3;1
189;86;7;28;2;1
187;82;5;31;1;1
227;152;46;12;2;1
221;143;41;19;1;1
216;132;35;29;1;1
209;121;28;44;1;1
203;109;21;63;3;1
198;101;16;85;1;1
196;98;14;106;4;1
184;77;2;197;13;1
195;97;13;99;2;1
196;98;14;74;2;1
198;102;16;48;2;1
206;115;25;28;2;1
213;128;33;16;3;1
199;102;17;18;4;1
187;81;5;38;3;1
183;75;1;48;2;1
182;73;0;43;2;1
207;118;26;10;8;1
207;119;27;16;4;1
206;116;25;21;5;1
209;121;28;28;1;1
207;119;27;38;1;1
205;115;24;51;2;1
201;108;20;69;2;1
199;104;17;88;2;1
240;99;2;197;28;1
245;185;66;197;9;1
197;102;15;97;1;1
199;104;17;75;4;1
203;109;21;50;1;1
210;123;29;28;3;1
217;136;37;20;2;1
207;118;26;20;1;1
190;86;8;22;3;1
189;85;7;31;1;1
190;86;8;36;1;1
193;92;11;39;3;1
195;97;14;35;2;1
202;108;20;34;1;1
202;109;21;27;1;1
208;119;26;26;2;1
206;115;24;28;1;1
202;109;21;33;1;1
199;104;18;32;1;1
198;102;16;32;2;1
197;100;15;31;2;1
198;102;17;25;3;1
199;104;18;39;1;1
199;104;18;57;2;1
201;108;20;76;2;1
204;113;22;96;2;1
206;117;24;116;1;1
208;120;25;141;1;1
187;82;5;208;10;1
188;84;6;211;3;1
241;105;7;213;14;1
241;106;7;215;7;1
242;145;37;215;6;1
245;185;66;215;15;1
242;145;36;213;6;1
240;104;6;211;14;1
208;120;25;140;1;1
207;119;25;104;1;1
209;122;28;74;1;1
210;123;29;47;3;1
213;129;32;29;2;1
216;134;35;16;4;1
206;116;25;31;2;1
201;106;20;55;2;1
198;101;16;87;1;1
194;96;13;123;1;1
184;77;2;198;9;1
197;100;15;109;1;1
202;107;20;53;2;1
200;105;19;43;1;1
194;94;13;42;4;1
188;85;6;47;1;1
245;185;66;5;20;1
218;138;38;25;1;1
217;134;36;36;3;1
211;125;30;51;1;1
207;118;25;72;1;1
204;112;22;95;2;1
201;107;19;121;1;1
185;78;3;200;15;1
240;100;3;200;31;1
199;104;18;101;1;1
207;117;25;43;1;1
210;124;30;27;1;1
191;88;9;36;2;1
182;73;0;55;2;1
182;73;0;41;1;1
206;116;25;19;2;1
205;114;24;29;1;1
204;113;23;41;1;1
206;116;25;51;1;1
206;116;24;64;1;1
207;118;25;74;1;1
206;117;25;91;1;1
204;113;22;107;1;1
203;110;21;125;1;1
240;101;3;201;29;1
202;108;20;131;1;1
202;109;20;118;2;1
204;112;22;96;1;1
206;116;25;70;1;1
210;124;30;46;1;1
214;129;33;32;1;1
210;121;28;26;2;1
203;109;21;25;1;1
193;94;12;26;3;1
188;83;6;53;3;1
190;88;8;63;2;1
197;99;15;57;1;1
203;111;22;48;1;1
212;127;31;39;1;1
219;138;38;32;1;1
220;140;40;33;1;1
214;129;33;39;1;1
209;120;28;45;1;1
202;110;21;48;3;1
197;100;16;50;2;1
196;97;14;15;5;1
201;107;20;43;1;1
204;114;23;87;1;1
206;117;25;113;1;1
209;121;26;138;1;1
211;128;30;160;1;1
189;85;7;214;5;1
241;107;8;217;12;1
241;108;9;220;11;1
242;146;38;222;4;1
242;147;38;223;2;1
245;185;66;222;17;1
242;146;37;220;4;1
242;145;37;217;3;1
187;83;6;209;6;1
208;121;26;139;1;1
207;119;25;105;1;1
206;117;25;74;1;1
207;118;26;49;1;1
207;118;26;30;1;1
209;121;28;17;2;1
208;119;28;8;6;1
219;140;39;15;4;1
207;118;26;51;1;1
202;109;21;79;1;1
200;106;19;115;1;1
185;79;3;201;12;1
242;143;35;204;15;1
240;102;4;204;23;1
202;109;20;130;1;1
204;112;22;73;1;1
201;107;19;64;1;1
194;94;13;64;1;1
190;87;8;72;3;1
184;76;2;31;2;1
239;175;60;8;1;1
227;153;47;16;3;1
219;139;39;27;1;1
216;133;35;42;1;1
212;127;31;59;1;1
209;124;29;82;1;1
208;120;26;108;2;1
206;117;24;131;1;1
205;116;23;149;2;1
245;185;66;203;15;1
202;109;20;128;2;1
204;113;22;95;1;1
207;118;25;64;2;1
210;122;28;43;3;1
203;110;21;37;2;1
194;95;12;45;2;1
188;83;6;55;1;1
182;73;0;46;3;1
218;137;38;7;4;1
204;111;22;31;1;1
202;109;21;49;2;1
202;109;21;66;2;1
204;112;22;82;1;1
209;123;28;122;1;1
209;122;27;135;1;1
208;121;26;150;1;1
208;121;25;154;2;1
207;119;25;153;3;1
207;118;24;126;1;1
208;120;26;100;1;1
210;124;30;72;1;1
212;127;31;51;1;1
211;125;30;36;1;1
208;119;27;29;1;1
202;109;21;26;2;1
194;94;12;26;5;1
189;85;7;38;3;1
189;85;7;61;2;1
189;85;7;81;1;1
199;103;17;86;1;1
206;116;25;71;1;1
215;133;35;55;1;1
224;148;44;47;1;1
226;152;45;46;1;1
219;138;38;54;1;1
210;124;29;65;1;1
204;113;23;76;1;1
197;99;15;74;1;1
197;100;15;62;2;1
204;113;23;9;14;1
202;108;21;21;1;1
201;106;19;36;3;1
202;110;21;79;2;1
205;115;23;106;2;1
207;119;25;136;1;1
211;127;30;159;2;1
241;108;9;219;13;1
241;109;10;224;10;1
241;110;11;228;10;1
243;148;39;230;7;1
245;185;66;231;10;1
245;185;66;230;17;1
242;147;38;227;5;1
242;147;38;224;6;1
206;118;24;140;2;1
204;113;22;106;1;1
203;110;21;75;2;1
202;109;20;28;1;1
202;108;20;15;2;1
224;149;45;7;4;1
218;137;38;14;4;1
213;130;33;25;1;1
207;117;25;75;1;1
204;113;22;109;1;1
203;112;21;145;1;1
240;102;4;205;22;1
240;103;5;208;18;1
206;118;24;151;2;1
207;118;25;120;1;1
206;116;24;98;1;1
202;108;20;89;1;1
195;97;13;90;1;1
185;78;3;63;1;1
183;75;1;40;2;1
245;185;66;6;11;1
231;160;51;13;1;1
222;144;42;24;1;1
217;135;36;43;1;1
212;128;32;65;1;1
210;124;30;90;1;1
210;124;29;120;1;1
211;126;28;158;2;1
240;104;6;210;16;1
245;185;66;210;18;1
245;185;66;209;19;1
206;117;24;125;1;1
207;118;25;93;2;1
207;120;27;66;1;1
204;113;23;54;1;1
191;89;9;59;1;1
245;185;66;192;1;1
182;73;0;44;1;1
182;73;0;29;1;1
210;122;29;11;8;1
204;112;23;25;3;1
202;108;20;47;1;1
200;106;19;72;1;1
202;108;20;96;1;1
210;124;29;146;1;1
212;128;31;157;1;1
214;131;32;164;1;1
188;84;6;212;4;1
240;105;6;212;21;1
209;123;27;135;1;1
211;125;30;105;1;1
211;126;31;76;1;1
212;127;31;52;1;1
212;127;31;35;1;1
203;110;21;22;1;1
196;98;15;17;5;1
194;95;13;13;8;1
190;88;8;56;4;1
190;89;8;86;2;1
209;122;27;98;2;1
218;138;38;82;1;1
226;152;45;70;1;1
227;154;46;71;1;1
220;141;39;82;1;1
212;128;31;95;1;1
206;117;24;109;2;1
197;102;15;94;1;1
196;98;14;69;2;1
197;100;16;44;2;1
200;106;18;23;3;1
198;102;16;16;5;1
197;100;16;30;1;1
197;100;15;51;1;1
198;102;17;77;1;1
201;107;19;106;1;1
204;113;22;135;1;1
187;82;5;207;4;1
188;84;7;213;2;1
241;110;10;225;9;1
241;111;11;231;6;1
243;148;39;235;8;1
243;149;39;238;3;1
245;185;66;239;12;1
245;185;66;238;15;1
245;185;66;235;13;1
242;147;38;225;3;1
190;87;8;218;4;1
203;111;21;139;1;1
199;106;17;105;1;1
198;102;17;73;1;1
197;101;16;46;2;1
235;167;56;5;5;1
221;142;40;12;1;1
215;133;35;24;2;1
211;126;31;43;1;1
208;120;27;71;3;1
207;118;25;104;1;1
245;185;66;216;27;1
241;106;8;216;12;1
188;83;6;210;3;1
210;124;28;147;1;1
208;120;26;127;2;1
203;111;21;114;1;1
197;101;15;113;2;1
186;80;4;71;1;1
185;80;4;46;1;1
232;162;52;11;1;1
225;150;45;21;3;1
218;137;37;40;1;1
213;129;32;64;1;1
211;127;31;94;1;1
211;125;30;126;1;1
245;185;66;217;22;1
241;105;7;214;12;1
209;123;27;155;1;1
207;119;26;98;2;1
199;103;17;64;1;1
195;96;13;61;2;1
185;79;3;50;4;1
209;122;29;18;2;1
204;112;23;37;2;1
202;107;20;66;3;1
201;108;20;98;1;1
215;134;34;166;2;1
219;141;37;172;1;1
212;129;31;138;1;1
211;126;30;104;1;1
214;130;33;73;1;1
215;132;34;46;1;1
217;134;36;29;1;1
216;134;36;19;2;1
195;95;13;20;4;1
192;91;10;42;2;1
192;91;10;74;2;1
192;90;10;111;1;1
186;80;4;204;5;1
212;128;31;130;1;1
220;142;40;113;1;1
227;154;46;107;2;1
222;146;41;117;1;1
215;134;34;133;1;1
198;103;16;97;1;1
198;103;16;63;1;1
206;116;25;17;5;1
193;94;11;71;1;1
241;109;10;223;14;1
243;149;39;236;3;1
243;150;40;242;5;1
245;185;66;245;14;1
245;185;66;246;11;1
245;185;66;241;11;1
242;147;38;229;6;1
241;109;9;222;6;1
195;97;14;102;1;1
194;95;12;67;2;1
194;94;12;40;2;1
226;150;46;9;1;1
213;128;31;39;2;1
209;121;28;65;1;1
208;120;25;135;1;1
245;185;66;223;17;1
245;185;66;224;17;1
210;125;29;156;1;1
205;116;23;143;1;1
186;80;4;74;1;1
185;79;3;47;2;1
224;148;44;18;2;1
219;138;38;33;1;1
214;131;33;57;1;1
211;127;31;89;1;1
211;127;30;124;1;1
241;107;8;218;11;1
241;110;10;226;8;1
245;185;66;225;11;1
241;108;9;221;7;1
207;119;25;132;1;1
205;114;23;103;1;1
202;107;20;81;1;1
197;101;15;65;1;1
192;91;11;54;1;1
187;83;5;46;3;1
187;81;5;37;2;1
222;144;42;10;1;1
209;121;28;25;1;1
204;111;22;50;3;1
202;110;21;84;1;1
203;111;21;122;1;1
190;87;9;219;3;1
191;89;9;222;1;1
241;110;10;227;6;1
190;87;8;217;3;1
213;129;32;134;1;1
214;131;33;96;1;1
217;135;36;64;1;1
221;141;40;37;1;1
193;92;11;28;2;1
194;94;12;57;2;1
193;93;11;94;2;1
240;103;5;206;21;1
216;136;35;162;1;1
224;150;43;149;1;1
229;156;47;144;1;1
228;156;46;146;1;1
225;151;43;155;1;1
219;141;37;169;1;1
186;80;4;203;7;1
201;107;19;125;1;1
200;107;20;85;2;1
202;109;21;52;1;1
192;90;10;31;1;1
192;91;11;92;1;1
242;146;37;218;7;1
242;147;38;226;3;1
243;148;39;234;5;1
243;149;40;241;6;1
245;185;66;250;19;1
245;185;66;251;19;1
245;185;66;240;10;1
243;148;39;233;3;1
242;144;36;211;7;1
242;143;35;205;7;1
192;92;11;90;1;1
191;89;10;55;1;1
215;131;34;15;2;1
212;125;30;33;1;1
208;120;27;58;1;1
207;119;25;90;1;1
207;119;25;127;1;1
242;147;38;228;5;1
245;185;66;233;11;1
243;148;39;232;2;1
215;135;34;166;1;1
210;124;28;157;1;1
245;185;66;199;10;1
245;185;66;196;6;1
189;84;7;75;2;1
218;138;38;26;1;1
213;129;33;49;1;1
211;126;30;79;2;1
211;126;30;116;1;1
211;127;30;153;1;1
241;111;11;229;6;1
241;112;12;232;6;1
241;112;12;234;6;1
205;115;23;133;1;1
203;110;21;103;1;1
200;105;18;75;1;1
190;87;8;26;3;1
204;112;22;60;1;1
204;111;22;101;2;1
193;92;11;230;1;1
241;113;13;236;7;1
241;113;13;237;5;1
241;113;12;235;9;1
214;132;33;120;1;1
217;135;35;81;1;1
219;139;39;49;1;1
227;153;47;26;1;1
241;178;62;11;1;1
195;96;14;39;1;1
196;97;13;115;1;1
242;144;36;207;15;1
190;88;9;220;2;1
228;157;45;184;1;1
230;161;49;183;1;1
231;162;49;186;1;1
229;159;46;192;1;1
191;89;10;223;2;1
202;109;20;112;1;1
203;112;23;43;1;1
191;88;9;68;1;1
245;185;66;228;12;1
245;185;66;236;17;1
245;185;66;243;16;1
245;185;66;249;20;1
245;185;66;253;26;1
245;185;66;254;24;1
245;185;66;220;15;1
245;185;66;212;20;1
245;185;66;206;16;1
242;142;35;201;4;1
191;89;9;108;1;1
189;86;7;37;1;1
191;90;10;17;2;1
211;124;30;25;3;1
207;118;26;47;1;1
206;117;25;80;1;1
206;117;24;117;1;1
243;149;40;240;3;1
241;113;13;238;1;1
241;111;11;230;7;1
214;132;32;164;1;1
192;91;10;107;1;1
189;85;7;44;2;1
214;130;33;37;1;1
210;122;28;65;1;1
210;122;28;103;1;1
211;126;29;143;1;1
241;114;13;240;6;1
241;115;14;242;4;1
243;149;40;239;1;1
203;110;21;128;2;1
201;106;19;92;1;1
199;104;17;61;1;1
197;100;15;38;1;1
197;99;15;11;3;1
192;91;11;4;13;1
207;118;26;40;1;1
205;114;23;74;1;1
205;114;23;114;2;1
241;114;14;241;10;1
241;115;14;244;2;1
243;150;40;244;3;1
241;115;14;243;2;1
241;114;13;239;6;1
189;86;8;216;2;1
216;136;35;143;1;1
215;134;35;100;1;1
218;137;37;63;1;1
223;147;44;35;1;1
234;166;55;17;1;1
245;185;66;7;5;1
196;97;14;52;1;1
196;98;14;90;2;1
197;99;14;132;1;1
192;91;10;227;1;1
233;167;52;205;1;1
235;171;53;210;1;1
235;172;54;212;1;1
194;94;12;234;1;1
204;112;22;138;1;1
203;110;21;100;1;1
202;109;21;65;1;1
202;108;20;37;2;1
198;101;17;19;1;1
191;90;9;75;2;1
245;185;66;221;17;1
245;185;66;229;12;1
245;185;66;237;11;1
245;185;66;244;15;1
245;185;66;213;19;1
189;85;7;78;2;1
188;83;6;44;1;1
205;115;24;35;2;1
205;114;23;65;1;1
204;113;22;103;1;1
206;117;24;142;1;1
245;185;66;247;11;1
241;116;14;245;6;1
204;113;22;147;1;1
197;101;15;139;1;1
194;95;13;108;2;1
192;91;11;71;2;1
227;152;47;10;2;1
213;128;32;23;1;1
209;122;28;82;1;1
208;120;26;123;1;1
243;150;40;243;5;1
243;150;40;246;2;1
243;150;41;248;5;1
245;185;66;248;18;1
243;150;40;245;3;1
200;106;19;114;1;1
198;102;17;44;1;1
196;98;15;21;1;1
214;130;33;22;1;1
205;114;24;47;1;1
205;115;23;84;1;1
205;116;23;127;1;1
241;116;15;247;5;1
243;151;41;250;6;1
243;150;41;249;4;1
216;136;35;164;1;1
215;133;34;120;1;1
216;134;35;82;1;1
218;137;37;48;1;1
224;149;44;25;2;1
229;157;49;12;1;1
196;97;14;37;1;1
196;97;14;68;2;1
196;99;14;109;2;1
242;144;36;210;14;1
239;178;57;222;1;1
195;96;14;241;1;1
195;97;14;242;1;1
208;120;25;153;1;1
203;110;21;129;1;1
199;105;17;92;2;1
198;102;17;61;1;1
196;97;14;38;1;1
193;93;11;23;2;1
191;91;10;76;2;1
192;91;11;120;2;1
245;185;66;214;24;1
245;185;66;242;11;1
245;185;66;252;28;1
249;212;139;247;4;1
245;185;66;227;12;1
245;185;66;219;15;1
188;84;6;82;2;1
202;109;20;50;1;1
201;107;20;84;1;1
204;111;21;126;2;1
249;212;138;250;5;1
241;116;15;246;5;1
241;112;12;233;4;1
195;96;13;115;1;1
192;92;10;76;1;1
192;90;10;44;2;1
222;145;43;12;1;1
208;120;27;57;1;1
207;119;25;94;1;1
243;150;41;247;3;1
198;103;16;94;2;1
199;102;17;58;1;1
199;101;17;29;1;1
215;132;34;12;4;1
206;116;25;30;1;1
203;111;22;58;1;1
206;116;23;141;1;1
243;151;41;253;5;1
243;151;41;252;5;1
241;117;15;249;3;1
189;85;7;215;1;1
214;132;32;145;1;1
212;129;31;103;1;1
211;126;31;67;1;1
214;130;33;40;1;1
215;132;34;22;1;1
199;103;17;24;2;1
194;94;12;48;2;1
194;96;13;85;2;1
197;99;14;128;2;1
196;98;14;245;1;1
197;99;15;248;1;1
241;117;15;248;4;1
199;103;16;126;1;1
197;99;15;93;1;1
194;94;12;65;1;1
190;88;8;25;6;1
245;185;66;234;14;1
249;212;140;244;5;1
245;185;66;226;16;1
242;143;35;206;7;1
188;84;6;79;1;1
187;81;5;43;3;1
201;105;19;66;2;1
200;106;18;104;1;1
249;211;137;252;4;1
193;92;11;47;3;1
192;90;10;22;1;1
209;121;28;34;3;1
206;116;24;105;1;1
249;211;137;254;5;1
198;102;15;113;1;1
196;99;15;72;1;1
197;99;15;39;2;1
200;105;19;72;2;1
202;109;20;113;1;1
213;131;32;163;1;1
209;122;27;128;2;1
206;115;24;63;1;1
202;109;21;38;1;1
199;104;19;14;1;1
196;97;14;33;3;1
194;95;13;64;1;1
194;96;13;103;1;1
197;99;16;250;1;1
241;118;16;252;7;1
241;118;16;253;3;1
241;117;16;250;1;1
194;95;12;127;1;1
191;89;9;96;1;1
188;84;6;68;2;1
191;90;9;119;1;1
253;240;214;243;11;1
249;213;140;241;5;1
245;185;66;211;15;1
190;87;8;113;1;1
190;86;8;72;2;1
212;125;31;7;3;1
198;101;16;20;2;1
198;102;17;45;1;1
198;103;16;79;1;1
199;105;17;123;1;1
245;185;66;232;12;1
253;238;209;253;13;1
194;94;12;84;1;1
212;126;31;18;2;1
206;116;25;40;1;1
204;113;23;72;1;1
205;116;23;115;2;1
249;211;137;253;5;1
243;149;39;237;3;1
197;101;15;134;1;1
195;95;13;53;2;1
200;104;18;27;2;1
197;99;15;52;2;1
198;103;17;90;1;1
199;106;18;131;2;1
243;151;41;251;2;1
194;94;12;235;1;1
203;112;21;122;1;1
199;105;17;89;1;1
196;97;14;61;2;1
190;88;9;23;6;1
196;97;14;19;7;1
193;93;11;76;1;1
195;97;13;120;1;1
242;146;37;219;4;1
241;118;16;254;3;1
243;151;41;254;8;1
187;83;5;98;1;1
186;81;4;67;1;1
182;73;0;38;2;1
192;91;10;43;1;1
191;89;9;77;2;1
192;92;10;122;2;1
249;213;140;242;3;1
253;240;215;242;8;1
253;240;216;241;7;1
190;88;8;103;1;1
190;86;8;63;1;1
203;109;22;10;1;1
196;98;14;55;1;1
197;101;15;95;1;1
249;212;139;246;5;1
253;238;209;252;12;1
242;145;36;214;6;1
194;94;12;86;2;1
207;118;26;22;1;1
203;111;22;46;1;1
203;111;21;82;1;1
204;113;22;123;1;1
208;122;26;155;1;1
249;212;138;248;6;1
253;238;210;251;18;1
243;148;39;231;2;1
194;95;12;111;1;1
193;92;11;40;1;1
195;95;13;37;1;1
193;94;11;67;1;1
196;98;14;109;1;1
242;146;38;221;1;1
196;98;14;121;1;1
192;92;11;91;1;1
188;83;6;37;1;1
192;92;10;50;1;1
193;93;11;86;1;1
243;151;41;255;1;1
241;117;16;251;1;1
242;145;37;216;3;1
185;78;3;91;1;1
185;78;3;57;1;1
191;89;10;46;4;1
192;90;10;82;1;1
192;92;10;128;1;1
249;213;141;240;2;1
253;241;216;240;13;1
193;93;11;134;2;1
190;88;8;93;2;1
196;97;14;34;1;1
194;96;13;65;4;1
253;239;211;250;8;1
196;97;13;131;1;1
194;95;13;85;1;1
202;108;21;13;5;1
201;108;20;29;1;1
199;103;17;56;1;1
202;109;20;134;1;1
208;121;26;154;1;1
253;239;211;249;6;1
194;94;12;133;1;1
190;88;8;59;1;1
192;90;10;81;1;1
242;142;34;200;8;1
245;185;66;205;10;1
245;185;66;218;13;1
249;212;138;251;6;1
245;185;66;207;16;1
242;142;35;202;3;1
188;84;6;88;1;1
191;89;9;53;3;1
184;77;2;71;1;1
191;88;9;90;3;1
249;214;143;233;4;1
253;241;218;238;14;1
249;213;141;239;1;1
191;89;9;87;1;1
191;90;9;50;2;1
193;94;11;117;2;1
196;98;14;129;1;1
194;94;12;83;1;1
193;93;11;46;1;1
196;99;14;108;1;1
242;144;36;212;8;1
191;89;8;119;1;1
184;76;2;26;2;1
190;87;8;91;2;1
245;185;66;204;10;1
245;185;66;208;12;1
245;185;66;202;13;1
245;185;66;198;11;1
185;79;3;71;2;1
192;90;10;54;1;1
183;74;1;79;1;1
182;73;0;45;1;1
191;89;9;94;2;1
253;242;219;236;6;1
253;240;213;245;8;1
253;239;212;247;10;1
193;94;11;134;2;1
192;90;10;88;1;1
190;88;8;50;2;1
192;91;10;84;1;1
193;93;11;128;1;1
194;95;13;129;1;1
194;94;12;85;1;1
192;92;10;80;1;1
245;185;66;201;17;1
242;142;34;198;5;1
186;81;4;107;1;1
185;80;4;43;3;1
184;77;2;21;5;1
188;83;6;29;4;1
187;83;5;57;2;1
190;86;8;97;2;1
192;92;10;49;1;1
245;185;66;255;2;1
183;74;1;82;1;1
191;89;9;28;2;1
190;88;8;96;2;1
249;214;144;231;1;1
253;240;214;244;8;1
253;239;211;248;7;1
249;213;142;238;2;1
192;90;10;90;2;1
187;82;5;9;2;1
190;88;8;57;1;1
190;88;8;95;2;1
253;238;208;254;10;1
190;87;8;53;2;1
191;89;9;54;2;1
185;78;3;95;1;1
185;78;3;58;1;1
187;83;5;58;1;1
189;85;7;97;1;1
185;78;3;87;1;1
185;79;3;51;1;1
182;73;0;24;1;1
192;91;11;41;3;1
192;92;11;73;1;1
195;96;13;116;1;1
253;241;217;239;3;1
249;214;143;232;3;1
184;76;2;77;1;1
253;243;222;232;13;1
253;239;213;246;9;1
191;89;9;91;1;1
189;84;7;64;1;1
190;86;7;104;1;1
189;86;7;101;1;1
186;81;4;11;5;1
187;83;5;56;1;1
189;86;7;96;1;1
242;141;33;193;5;1
184;77;2;72;1;1
182;73;0;40;2;1
186;80;4;53;1;1
188;84;6;93;1;1
242;141;34;197;7;1
185;78;3;84;1;1
184;77;2;23;1;1
194;95;13;59;1;1
196;98;14;98;1;1
249;214;145;228;2;1
184;77;3;104;1;1
183;74;1;65;1;1
190;88;9;24;1;1
192;90;10;89;1;1
249;215;146;224;1;1
186;80;4;68;1;1
189;85;7;112;1;1
253;243;224;229;10;1
253;242;219;237;8;1
249;213;142;237;1;1
187;83;5;112;1;1
187;82;5;70;1;1
187;81;5;39;3;1
188;84;6;96;1;1
184;76;2;80;2;1
183;75;1;45;4;1
187;83;5;82;1;1
245;185;66;200;6;1
186;79;4;74;1;1
196;98;15;22;1;1
242;141;34;196;5;1
184;76;2;86;1;1
183;75;1;51;1;1
193;92;11;20;2;1
192;91;10;79;1;1
249;215;147;222;1;1
253;243;223;230;6;1
191;89;9;84;1;1
190;88;9;48;1;1
186;80;4;70;1;1
249;216;148;218;1;1
253;244;226;225;6;1
186;79;4;78;1;1
186;80;4;51;1;1
187;83;5;88;1;1
249;212;139;245;1;1
189;86;7;108;2;1
186;81;4;96;1;1
186;80;4;59;1;1
199;104;19;29;1;1
198;102;16;84;2;1
201;106;19;123;1;1
253;242;221;233;7;1
249;215;146;226;3;1
186;79;4;98;1;1
185;78;3;64;1;1
182;73;0;17;2;1
192;92;11;67;2;1
194;94;12;107;1;1
253;244;225;227;6;1
253;242;220;234;6;1
249;215;147;220;6;1
192;90;10;113;1;1
191;90;9;73;1;1
190;87;8;39;2;1
187;81;5;36;1;1
186;81;4;66;1;1
254;246;230;220;4;1
185;77;3;80;1;1
188;83;6;76;1;1
249;215;146;225;4;1
249;214;143;234;2;1
183;74;1;70;1;1
188;83;6;86;1;1
187;83;5;105;1;1
188;83;6;73;1;1
200;106;18;59;2;1
201;107;19;92;1;1
187;82;5;107;1;1
186;79;4;73;1;1
193;93;11;53;2;1
193;94;11;89;3;1
249;215;146;223;3;1
192;92;11;94;1;1
192;90;10;57;2;1
187;83;5;29;4;1
186;80;4;54;1;1
186;79;4;88;1;1
249;216;150;215;1;1
254;245;229;221;8;1
184;76;2;74;3;1
182;73;0;42;1;1
187;83;5;92;1;1
253;244;226;226;1;1
253;242;219;235;2;1
185;77;3;91;1;1
183;74;1;56;1;1
188;83;6;36;1;1
189;85;7;63;1;1
253;244;225;228;4;1
190;87;8;109;1;1
188;84;6;50;2;1
188;83;6;28;3;1
202;109;21;94;1;1
204;113;22;130;1;1
254;245;227;224;8;1
249;216;149;217;3;1
187;83;5;108;2;1
186;80;4;76;1;1
185;79;3;48;1;1
194;94;12;39;1;1
194;95;12;68;2;1
194;96;13;105;1;1
254;245;228;223;3;1
253;243;222;231;2;1
193;93;11;71;2;1
194;93;12;42;5;1
194;94;13;21;2;1
186;81;4;41;2;1
187;82;5;68;1;1
187;82;5;101;1;1
249;216;150;214;4;1
254;246;231;218;1;1
249;215;147;221;2;1
183;74;1;62;1;1
187;81;5;41;1;1
189;84;7;67;2;1
186;79;4;95;1;1
185;78;3;65;1;1
191;89;9;64;1;1
254;245;228;222;1;1
192;91;10;106;1;1
190;87;8;76;1;1
190;88;8;51;1;1
189;85;7;30;3;1
205;114;24;40;1;1
204;112;22;66;1;1
203;111;21;95;1;1
254;247;233;216;2;1
254;246;232;217;4;1
254;247;234;215;1;1
254;248;236;213;1;1
188;83;6;78;1;1
186;81;4;50;1;1
196;98;15;50;1;1
196;98;14;79;1;1
197;101;15;114;2;1
249;216;149;216;1;1
195;97;13;80;1;1
195;97;13;51;1;1
187;82;5;71;1;1
187;83;5;101;1;1
185;78;3;101;1;1
189;85;7;42;2;1
191;89;9;63;1;1
193;93;11;87;1;1
194;96;13;108;1;1
198;103;16;130;1;1
249;215;148;219;1;1
186;81;4;87;1;1
185;79;3;64;1;1
191;88;9;38;1;1
195;95;13;81;1;1
197;99;15;103;3;1
199;104;17;126;2;1
197;100;15;119;1;1
195;96;13;96;1;1
192;91;11;70;1;1
208;119;27;21;1;1
206;116;25;41;1;1
204;113;23;64;1;1
203;110;21;90;1;1
203;112;21;120;1;1
250;217;152;210;2;1
254;249;239;209;1;1
254;249;239;208;1;1
250;217;153;207;1;1
190;87;8;100;1;1
189;85;7;74;1;1
200;105;19;17;1;1
198;101;16;33;2;1
197;100;15;55;2;1
197;101;15;82;1;1
198;103;16;113;1;1
249;216;150;213;1;1
198;103;16;110;2;1
197;101;15;81;1;1
196;99;15;32;1;1
187;83;5;45;1;1
191;90;9;112;1;1
210;124;29;155;1;1
212;129;31;154;2;1
211;127;30;157;1;1
187;83;5;110;1;1
186;81;4;90;1;1
183;75;1;47;1;1
193;92;11;14;4;1
202;108;20;108;1;1
205;115;23;126;1;1
207;119;25;144;2;1
204;113;22;143;1;1
200;107;19;128;1;1
197;100;15;116;2;1
194;95;12;101;1;1
189;85;7;70;1;1
187;82;5;53;1;1
194;95;12;33;1;1
196;99;15;49;1;1
197;101;16;66;1;1
202;108;20;105;1;1
203;112;21;123;1;1
205;115;23;139;1;1
206;116;23;143;1;1
204;113;22;129;1;1
202;109;20;115;2;1
199;105;18;98;1;1
197;102;16;79;1;1
196;98;14;61;1;1
207;116;25;38;1;1
204;112;22;59;1;1
203;111;21;83;1;1
202;109;20;105;1;1
203;109;20;126;2;1
194;95;13;124;1;1
192;92;10;106;1;1
192;90;10;87;1;1
190;87;8;65;1;1
199;103;17;33;5;1
200;104;18;55;1;1
199;104;17;78;2;1
199;106;17;103;1;1
205;115;23;138;1;1
202;110;21;118;2;1
200;107;19;98;2;1
200;106;18;75;1;1
198;102;16;51;1;1
192;91;10;73;1;1
197;99;15;100;1;1
198;104;17;107;2;1
203;111;21;109;3;1
209;122;27;107;1;1
212;128;31;109;1;1
211;127;30;107;1;1
210;124;29;109;1;1
209;122;28;113;1;1
198;102;16;112;1;1
194;95;13;105;1;1
192;92;11;97;1;1
190;88;8;85;2;1
188;84;6;71;2;1
197;99;15;28;1;1
200;105;19;40;1;1
203;111;21;69;1;1
206;116;24;84;1;1
208;119;26;99;1;1
209;122;28;112;1;1
211;127;30;125;1;1
212;128;31;131;1;1
213;129;31;136;1;1
213;129;31;137;1;1
212;128;31;135;1;1
211;127;30;130;1;1
209;122;28;122;1;1
207;118;25;111;1;1
205;114;23;98;1;1
202;109;20;86;1;1
195;96;14;62;1;1
192;91;10;51;1;1
202;108;20;50;1;1
204;112;22;93;1;1
205;115;23;105;1;1
206;116;24;119;1;1
206;117;24;119;1;1
206;116;24;117;1;1
206;116;24;108;1;1
205;113;23;96;1;1
204;113;22;86;1;1
203;110;21;73;1;1
199;105;18;46;2;1
198;102;17;34;1;1
206;116;25;34;2;1
201;107;20;82;1;1
201;107;19;108;2;1
200;107;19;113;1;1
199;105;18;115;1;1
199;104;18;115;1;1
196;97;14;93;1;1
194;94;12;80;1;1
201;107;19;30;2;1
203;111;21;85;1;1
205;115;23;113;1;1
207;118;25;122;1;1
208;121;26;128;1;1
209;122;27;130;1;1
208;122;27;125;1;1
207;118;25;117;1;1
206;117;24;107;1;1
205;115;23;93;1;1
204;112;22;78;1;1
203;111;21;62;1;1
202;109;21;45;1;1
204;113;23;30;2;1
197;101;16;61;1;1
203;111;22;68;1;1
206;118;26;69;2;1
210;123;28;66;2;1
212;127;31;66;1;1
212;129;32;66;1;1
211;125;30;67;1;1
205;114;23;70;1;1
200;107;20;72;1;1
189;85;7;39;1;1
207;118;26;28;1;1
207;118;26;38;2;1
208;120;27;50;1;1
209;121;27;59;1;1
210;124;29;72;1;1
212;127;31;87;1;1
212;129;32;90;1;1
212;128;31;92;1;1
212;128;31;90;1;1
211;126;30;86;1;1
209;122;28;77;1;1
206;117;25;60;1;1
202;108;21;41;2;1
205;113;23;45;1;1
205;115;24;55;1;1
205;114;23;64;1;1
205;116;25;72;1;1
206;116;24;76;2;1
206;116;24;73;2;1
206;116;24;67;1;1
206;117;25;59;1;1
205;116;25;50;1;1
204;114;24;41;1;1
204;113;23;32;1;1
205;114;24;22;2;1
207;117;26;27;1;1
203;111;22;37;1;1
200;107;20;58;1;1
201;106;19;66;1;1
200;106;19;71;1;1
199;103;17;72;2;1
197;100;15;68;1;1
193;93;11;45;1;1
191;89;10;34;1;1
204;113;22;61;1;1
207;118;26;79;1;1
208;119;26;82;2;1
208;121;28;85;1;1
208;122;28;85;1;1
208;120;27;81;1;1
208;120;27;75;1;1
207;119;26;68;1;1
206;118;26;58;1;1
206;116;25;44;1;1
207;116;25;23;1;1
209;121;28;15;2;1
199;103;17;30;1;1
207;118;26;37;1;1
210;123;30;36;1;1
218;138;38;35;2;1
211;124;30;37;1;1
204;111;22;38;1;1
197;99;15;34;3;1
217;136;36;19;3;1
214;130;33;32;1;1
215;131;34;39;1;1
215;131;34;46;1;1
216;133;35;50;1;1
216;133;35;53;1;1
215;132;34;54;1;1
215;132;34;53;1;1
214;131;33;49;1;1
214;130;33;45;1;1
211;125;30;32;2;1
205;114;25;13;2;1
212;127;31;22;2;1
209;122;28;28;1;1
209;121;27;40;2;1
210;122;29;35;1;1
210;122;29;29;1;1
212;126;31;24;1;1
214;131;34;8;2;1
203;110;21;34;1;1
200;106;19;37;2;1
201;107;20;38;1;1
198;101;16;35;1;1
210;124;29;25;1;1
209;121;28;39;1;1
210;123;29;44;1;1
211;125;30;49;1;1
212;125;30;49;1;1
211;125;30;45;1;1
211;125;30;42;1;1
210;124;30;35;1;1
211;126;31;15;1;1
206;117;26;12;2;1
232;163;52;15;2;1
210;124;29;16;1;1
231;160;52;10;1;1
229;156;49;14;1;1
225;149;45;27;2;1
223;146;43;26;1;1
223;146;43;23;1;1
223;147;43;19;1;1
224;147;43;17;1;1
224;146;44;11;2;1
218;138;38;18;3;1
225;149;45;12;2;1
204;112;22;14;1;1
204;112;23;11;2;1
219;140;39;20;2;1
219;139;38;22;1;1
221;143;40;23;2;1
220;140;40;19;1;1
245;185;66;9;3;1
245;185;66;10;3;1
245;185;66;8;1;1
245;185;66;0;600;1
186;81;4;40;1;1
183;74;1;66;1;1
185;78;3;74;1;1
190;87;8;38;1;1
205;114;24;18;2;1
190;88;9;47;1;1
186;81;4;59;1;1
183;74;1;61;1;1
183;74;1;86;1;1
193;93;11;49;2;1
204;111;22;33;1;1
205;114;24;33;1;1
193;93;11;70;2;1
187;82;5;69;1;1
192;90;10;85;1;1
199;103;17;62;1;1
209;121;28;46;1;1
212;126;31;41;1;1
206;117;25;52;1;1
188;84;6;94;1;1
189;86;7;66;1;1
186;79;4;77;1;1
196;99;14;96;2;1
204;113;22;77;1;1
212;128;32;67;1;1
202;109;21;107;1;1
198;101;15;132;1;1
191;89;9;83;1;1
187;82;5;47;1;1
189;84;7;77;1;1
212;127;31;96;1;1
213;129;32;102;1;1
209;124;28;119;1;1
205;115;23;144;2;1
194;95;12;100;1;1
194;95;12;61;1;1
207;120;25;125;1;1
212;129;31;125;1;1
215;134;34;131;1;1
215;133;33;142;1;1
212;129;31;158;1;1
198;102;15;115;1;1
207;117;26;18;1;1
203;112;21;132;1;1
207;119;25;140;1;1
212;128;31;148;1;1
215;135;34;156;1;1
219;142;38;173;1;1
200;107;19;130;1;1
202;109;21;88;1;1
204;113;23;53;1;1
211;125;31;26;1;1
197;101;17;46;1;1
200;106;19;100;1;1
203;111;21;126;1;1
211;127;30;160;1;1
217;138;36;169;1;1
191;88;9;221;1;1
192;90;10;225;1;1
205;115;23;149;1;1
209;123;29;37;1;1
218;139;36;170;1;1
193;93;12;232;1;1
206;118;24;130;1;1
206;116;24;89;1;1
207;119;27;56;1;1
213;129;32;15;1;1
198;103;17;75;1;1
205;116;23;114;1;1
204;113;23;78;1;1
204;113;23;49;1;1
206;117;26;29;1;1
198;102;16;95;1;1
194;95;12;78;1;1
197;100;15;118;1;1
201;108;19;140;1;1
197;101;15;106;1;1
195;97;14;74;1;1
193;92;11;27;1;1
196;97;15;30;2;1
194;94;12;105;3;1
191;90;10;72;1;1
203;110;22;2;1;1
194;94;12;60;2;1
193;93;11;98;1;1
189;86;7;95;1;1
189;85;7;60;1;1
190;86;8;34;1;1
195;96;13;101;1;1
187;81;5;42;1;1
195;96;13;57;1;1
193;94;11;95;1;1
187;82;5;84;1;1
187;82;5;48;1;1
187;83;5;86;1;1
196;98;14;73;1;1
187;83;5;81;1;1
186;81;4;46;1;1
190;86;7;113;1;1
196;98;14;52;1;1
197;100;15;90;1;1
198;102;16;135;1;1
189;86;7;58;1;1
198;101;16;43;1;1
196;99;15;77;1;1
197;101;15;121;1;1
192;90;10;117;1;1
188;83;6;43;1;1
190;86;8;21;1;1
197;100;15;107;2;1
192;91;11;95;1;1
192;90;10;60;1;1
190;87;8;31;1;1
195;96;13;93;1;1
194;94;12;108;1;1
195;96;13;75;1;1
196;97;13;117;1;1
197;100;15;117;1;1
195;97;13;81;1;1
194;94;12;58;1;1
254;248;235;214;1;1
254;246;231;219;1;1
198;102;16;119;1;1
197;99;15;86;1;1
195;97;14;55;1;1
195;97;14;31;1;1
250;217;152;208;1;1
254;249;238;210;1;1
254;248;236;212;2;1
250;217;151;212;1;1
199;103;16;113;1;1
197;100;15;56;1;1
192;91;11;47;2;1
250;218;154;204;1;1
254;250;241;206;1;1
250;217;153;206;1;1
200;106;18;128;1;1
199;104;17;104;1;1
200;104;18;54;1;1
203;109;22;20;1;1
192;92;11;70;1;1
192;92;11;93;1;1
193;94;11;115;1;1
250;218;155;201;1;1
199;103;17;65;1;1
195;96;13;99;1;1
197;100;15;103;1;1
198;102;16;81;1;1
198;102;16;66;1;1
198;102;17;50;1;1
201;108;20;37;1;1
202;108;20;24;1;1
193;93;11;51;1;1
196;99;15;68;1;1
197;101;15;63;1;1
198;103;17;46;1;1
198;102;16;31;1;1
203;112;23;21;1;1
169;169;169;0;48;7
30;30;30;0;383;1
2;2;2;0;46316;1
125;125;125;0;55745;5
85;85;85;0;129370;5
207;156;155;0;8898;11
215;215;215;0;1000;5
215;215;215;255;3001;6
140;143;165;0;383;1
107;110;128;0;46316;1
8;0;0;128;14;2
34;43;59;255;1113;6
58;74;104;0;34172;4
58;74;104;255;3271;6
255;242;0;255;128;4
130;123;0;255;80;4
34;43;59;128;12;1
34;43;59;0;53429;4
21;22;30;255;1;1
87;64;58;255;808;3
116;86;78;255;1838;3
152;117;108;255;1030;3
195;145;61;255;46;2
195;145;61;0;2508;2
117;83;49;255;30;2
74;52;25;255;46;2
80;53;0;0;2871;1
80;53;0;255;104;1
119;79;0;255;245;1
153;102;0;255;106;1
45;57;79;0;1098;3
45;57;79;255;3249;3
119;119;119;0;130;1
83;83;83;255;1276;8
167;167;167;0;46974;1
129;127;127;255;13;1
204;153;0;255;112;1
185;171;128;255;8;1
57;43;0;255;48;1
114;86;0;255;72;1
92;91;91;255;5;1
94;90;90;255;23;1
49;45;45;255;2;1
68;64;64;255;5;1
113;82;51;255;104;2
86;56;26;255;104;2
64;30;22;255;194;1
89;54;45;255;523;1
128;87;77;255;658;1
242;218;220;255;16;1
166;130;130;255;2093;4
10;4;4;255;194;1
20;13;13;255;523;1
30;22;22;255;658;1
255;112;61;255;32;1
36;35;35;255;4506;5
83;77;77;255;3082;5
92;86;86;255;5050;5
101;95;95;255;2335;5
74;68;68;255;2984;5
61;57;57;255;941;5
48;46;46;255;1254;5
104;104;104;255;2359;2
120;120;120;255;7555;2
136;136;136;255;1746;2
89;89;89;255;5579;2
148;128;127;255;4803;5
190;173;172;255;4670;5
70;29;27;255;870;3
114;96;95;255;2176;5
122;31;26;255;842;3
200;210;175;255;731;3
135;148;97;255;364;3
223;228;208;255;497;3
47;40;39;255;24;1
83;70;70;255;42;1
209;202;175;255;4;1
147;133;97;255;4;1
173;173;173;255;23;1
25;25;25;255;379;2
13;13;13;255;551;2
84;84;84;255;81;1
226;226;226;255;12;2
181;181;181;255;34;2
130;130;130;255;38;2
208;114;109;255;128;2
86;64;63;255;449;2
198;168;168;255;1562;2
120;32;27;255;1;1
120;30;26;255;1;1
128;69;28;255;941;1
170;93;38;255;1613;1
90;48;19;255;310;1
78;64;40;255;279;1
106;86;55;255;214;1
177;139;112;255;96;1
151;111;82;255;177;1
122;121;77;255;54;1
168;169;120;255;24;1
115;84;62;255;57;1
202;176;158;255;21;1
151;122;78;255;57;1
107;87;81;255;124;1
156;127;118;255;245;1
135;123;120;255;10;1
199;182;177;255;130;1
178;155;148;255;25;1
156;127;118;0;22;1
69;56;52;255;110;1
43;35;32;255;18;1
122;75;74;255;18;1
4;1;1;255;246;2
0;166;81;0;7;1
0;166;81;255;60;1
60;184;120;255;41;1
130;202;156;255;26;1
60;184;120;0;4;1
0;114;54;255;568;2
0;88;38;255;748;2
0;47;20;255;15;1
0;66;28;255;11;1
0;88;38;0;4;2
4;4;4;0;658;1
70;70;70;0;95225;3
120;120;120;0;14;1
89;89;89;0;1267;1
167;162;158;255;668;1
46;39;36;255;1120;1
84;71;65;255;1055;1
31;27;24;255;234;1
107;24;23;0;61;1
107;24;23;255;439;1
170;38;36;255;453;1
72;16;16;0;3062;1
72;16;16;255;168;1
161;73;54;255;68;1
242;108;79;255;37;1
96;44;33;255;48;1
70;72;84;255;12;1
36;37;46;255;24;1
88;88;88;255;410;2
181;0;0;255;57;1
183;139;139;255;27;1
145;0;0;255;60;1
255;140;140;255;27;1
46;46;46;255;1137;3
168;77;77;255;14702;6
178;128;128;255;4334;6
98;50;50;255;7286;6
79;34;34;255;2;1
99;33;33;255;7;1
179;19;19;255;4;1
210;10;10;255;16;1
113;24;24;255;6;1
133;24;24;255;5;1
145;14;14;255;5;1
167;20;20;255;9;1
191;191;191;255;438;2
191;191;191;0;8599;1
255;255;254;255;2773;7
128;128;128;0;577;4
168;168;168;255;131;2
168;168;168;0;8030;2
107;56;56;255;209;1
160;85;85;255;359;1
230;120;120;255;243;1
46;46;46;0;46892;1
76;76;76;255;282;1
50;106;50;255;181;1
66;142;66;255;387;1
28;55;28;255;115;1
82;0;0;255;112;2
6;1;1;255;96;1
176;125;125;255;1732;3
156;200;204;255;455;4
104;152;156;255;289;4
155;94;94;255;912;3
166;130;130;0;2277;2
198;175;175;255;4640;3
198;175;175;0;786;2
136;97;97;0;506;1
136;97;97;255;1191;3
112;77;77;255;485;3
112;77;77;0;228;1
73;37;226;0;2703;1
103;151;155;255;50;1
156;200;205;255;212;1
0;51;51;0;87;1
59;85;85;255;24;1
51;102;51;0;126;1
51;102;51;255;54;1
33;33;33;255;2542;5
83;0;0;255;502;6
48;59;46;0;7103;1
64;79;61;255;452;1
48;59;46;255;153;1
99;135;94;255;367;1
64;79;61;0;193;1
99;99;99;255;1276;10
231;0;0;255;149;3
223;207;185;255;2368;2
244;239;232;255;839;2
192;161;117;255;2611;4
214;195;167;255;3992;2
230;219;202;255;992;2
157;122;71;255;591;3
96;75;43;255;42;2
115;108;108;255;70;2
175;165;165;255;171;2
67;0;0;255;86;2
155;0;0;0;269;2
123;0;0;255;216;1
195;0;0;255;193;1
123;0;0;0;160;1
83;0;0;0;537;1
164;60;60;255;17;1
192;83;83;255;89;2
224;105;105;255;163;2
165;140;140;255;1038;3
128;107;107;255;638;3
91;74;74;255;386;1
30;25;25;255;58;1
53;44;44;255;30;1
74;61;61;255;44;1
235;235;235;255;1275;7
195;117;117;255;18;1
153;75;75;255;20;1
193;193;193;255;8;1
81;0;0;255;16;1
167;0;0;255;1;1
100;96;96;255;2;1
210;120;120;255;442;3
255;191;191;255;113;1
203;203;203;255;2040;8
197;82;82;255;250;2
241;213;213;255;142;2
83;83;83;0;1;1
200;71;71;255;119;1
219;133;133;255;62;1
181;142;142;255;1165;1
219;200;200;255;122;1
135;106;106;255;751;1
113;74;74;255;96;1
164;98;98;255;48;1
202;121;121;255;78;1
197;178;178;255;462;2
214;214;214;255;42;1
211;178;217;255;5;1
210;178;216;255;8;1
210;178;215;255;4;1
211;177;217;255;12;1
249;214;255;255;30;1
252;233;255;255;16;1
252;234;255;255;6;1
210;179;216;255;2;1
210;179;215;255;4;1
232;214;235;255;1;1
249;213;255;255;11;1
248;214;255;255;2;1
212;177;218;255;9;1
204;165;210;255;1;1
156;123;160;255;1;1
232;215;235;255;1;1
58;47;61;255;3;1
211;178;216;255;3;1
211;177;216;255;1;1
58;47;60;255;1;1
131;109;137;255;1;1
209;179;214;255;1;1
30;19;27;255;1;1
45;32;45;255;1;1
59;46;62;255;2;1
199;158;204;255;3;1
44;34;43;255;2;1
208;179;213;255;6;1
133;107;139;255;1;1
156;134;160;255;1;1
141;108;146;255;3;1
212;177;219;255;1;1
132;108;137;255;1;1
132;108;138;255;1;1
212;176;218;255;3;1
58;46;61;255;2;1
140;108;145;255;5;1
138;110;142;255;7;1
58;46;62;255;1;1
175;146;179;255;3;1
140;109;145;255;3;1
177;144;182;255;1;1
139;109;144;255;5;1
209;179;215;255;1;1
57;47;60;255;2;1
138;111;141;255;1;1
137;111;140;255;3;1
139;110;143;255;6;1
175;145;179;255;3;1
141;108;145;255;1;1
177;144;181;255;1;1
158;126;163;255;1;1
176;144;180;255;1;1
174;146;178;255;1;1
138;110;141;255;1;1
173;146;177;255;1;1
173;147;177;255;1;1
95;76;99;255;4;1
176;145;180;255;3;1
176;144;181;255;1;1
193;162;198;255;1;1
137;110;141;255;3;1
137;111;141;255;1;1
139;109;143;255;4;1
175;145;180;255;1;1
176;145;181;255;2;1
96;75;100;255;1;1
95;75;100;255;2;1
97;76;100;255;1;1
176;147;182;255;1;1
94;77;98;255;1;1
95;76;100;255;1;1
140;109;144;255;1;1
95;75;99;255;1;1
171;147;176;255;386;1
239;180;255;255;255;1
108;94;110;255;174;1
152;130;155;255;62;2
101;92;102;255;3;1
212;63;63;255;13;1
170;38;38;255;599;3
128;28;28;255;600;3
213;68;68;255;1;1
216;81;81;255;1;1
228;134;134;255;1;1
208;135;135;255;2;1
122;103;77;255;637;3
78;48;40;255;934;3
106;65;55;255;684;3
237;208;208;255;1;1
224;118;118;255;1;1
241;219;219;255;1;1
247;235;235;255;1;1
215;154;154;255;1;1
172;153;125;255;1;1
171;151;123;255;3;1
151;92;78;255;168;3
154;74;74;255;2;1
188;136;136;255;1;1
135;40;40;255;1;1
226;182;182;255;1;1
235;219;219;255;2;1
147;62;62;255;1;1
166;153;136;255;1;1
239;235;230;255;1;1
169;149;120;255;479;3
115;76;67;255;1;1
228;212;208;255;1;1
162;109;97;255;1;1
134;39;39;255;2;1
176;164;149;255;1;1
235;230;224;255;2;1
200;187;169;255;4;1
147;118;111;255;1;1
246;244;243;255;1;1
219;209;206;255;2;1
157;101;88;255;1;1
209;183;177;255;1;1
240;231;229;255;2;1
176;132;121;255;1;1
156;139;134;255;1;1
179;166;162;255;1;1
132;99;90;255;2;1
147;117;110;255;1;1
87;74;55;255;152;1
133;100;92;255;1;1
246;243;242;255;1;1
216;205;202;255;1;1
126;91;82;255;1;1
243;240;239;255;1;1
211;186;180;255;1;1
153;95;81;255;1;1
88;59;52;255;1;1
232;228;227;255;1;1
254;254;254;255;5;1
223;214;212;255;1;1
117;78;69;255;1;1
211;198;195;255;1;1
252;251;250;255;3;1
205;176;170;255;1;1
236;230;229;255;1;1
226;218;216;255;1;1
159;104;91;255;2;1
250;247;246;255;1;1
253;253;253;255;2;1
160;134;128;255;1;1
242;238;237;255;2;1
227;211;207;255;1;1
107;66;56;255;2;1
134;101;93;255;1;1
252;250;249;255;1;1
116;78;68;255;1;1
236;233;232;255;1;1
89;61;53;255;1;1
56;34;27;255;305;1
218;197;193;255;1;1
249;248;247;255;1;1
122;86;77;255;1;1
150;122;115;255;1;1
243;236;235;255;1;1
189;152;143;255;1;1
151;93;79;255;1;1
109;69;59;255;2;1
226;210;206;255;1;1
228;213;210;255;1;1
112;72;63;255;1;1
112;73;64;255;2;1
184;165;160;255;2;1
115;77;68;255;1;1
108;67;57;255;1;1
156;100;87;255;1;1
183;142;133;255;1;1
151;82;82;255;822;3
155;128;121;255;1;1
160;106;93;255;1;1
177;112;112;255;564;3
202;158;158;255;247;3
155;89;89;255;2;1
228;206;206;255;1;1
241;229;229;255;2;1
194;144;144;255;1;1
252;249;249;255;1;1
249;243;243;255;2;1
213;179;179;255;1;1
240;227;227;255;1;1
196;157;157;255;1;1
138;121;99;255;1;1
124;105;80;255;1;1
199;186;167;255;1;1
247;245;242;255;1;1
236;232;226;255;1;1
135;118;94;255;1;1
184;167;143;255;1;1
188;172;149;255;1;1
218;209;197;255;1;1
189;173;151;255;1;1
170;150;121;255;2;1
243;240;236;255;1;1
253;253;252;255;3;1
214;204;190;255;1;1
229;223;215;255;1;1
217;208;196;255;2;1
181;66;66;255;1;1
183;70;70;255;1;1
176;53;53;255;1;1
248;246;243;255;1;1
230;224;216;255;1;1
231;225;218;255;1;1
241;237;233;255;1;1
171;152;124;255;1;1
178;160;134;255;3;1
248;246;244;255;2;1
220;211;199;255;1;1
210;199;184;255;2;1
242;239;234;255;1;1
204;125;125;255;1;1
248;237;237;255;1;1
164;93;93;255;1;1
124;105;79;255;1;1
227;220;211;255;1;1
246;244;242;255;1;1
182;165;141;255;1;1
235;222;222;255;923;3
247;241;241;255;3;1
218;210;197;255;2;1
251;250;248;255;1;1
204;193;176;255;1;1
207;166;166;255;1;1
216;184;184;255;1;1
174;49;49;255;1;1
225;179;179;255;1;1
242;238;234;255;1;1
168;161;151;255;1;1
209;198;183;255;1;1
217;208;195;255;1;1
176;158;131;255;1;1
243;233;233;255;1;1
215;182;182;255;1;1
173;161;145;255;1;1
190;174;152;255;1;1
188;132;132;255;1;1
102;76;69;255;1;1
230;224;222;255;1;1
223;216;205;255;1;1
137;120;97;255;1;1
182;165;140;255;1;1
173;154;126;255;1;1
181;119;119;255;5;1
253;252;252;255;2;1
208;170;170;255;1;1
247;245;243;255;1;1
232;214;214;255;1;1
189;171;166;255;1;1
250;249;249;255;1;1
198;182;178;255;1;1
191;91;91;255;1;1
186;181;173;255;1;1
205;193;177;255;1;1
221;192;192;255;1;1
208;177;177;255;1;1
79;49;41;255;2;1
190;172;167;255;1;1
244;237;236;255;1;1
179;135;125;255;1;1
195;103;103;255;1;1
254;253;253;255;1;1
195;186;175;255;1;1
209;170;170;255;1;1
109;84;77;255;1;1
174;128;118;255;1;1
213;147;147;255;1;1
220;192;192;255;1;1
153;125;118;255;1;1
179;136;126;255;1;1
131;34;34;255;1;1
171;123;112;255;1;1
178;113;113;255;1;1
151;83;83;255;3;1
244;234;234;255;1;1
222;201;201;255;1;1
209;171;171;255;1;1
195;161;153;255;1;1
184;144;135;255;1;1
191;155;146;255;1;1
184;144;134;255;1;1
226;201;201;255;2;1
215;189;189;255;1;1
253;251;251;255;2;1
226;208;208;255;1;1
214;202;199;255;1;1
229;214;211;255;1;1
203;161;161;255;1;1
180;117;117;255;1;1
193;141;141;255;1;1
163;102;102;255;1;1
205;192;188;255;1;1
255;254;254;255;1;1
164;112;100;255;1;1
111;72;62;255;1;1
154;126;119;255;1;1
148;119;111;255;1;1
152;94;80;255;1;1
153;86;86;255;1;1
224;199;199;255;1;1
214;187;187;255;1;1
240;228;228;255;1;1
208;169;169;255;1;1
169;112;112;255;1;1
236;220;220;255;1;1
246;239;239;255;1;1
231;212;212;255;2;1
242;231;231;255;1;1
183;123;123;255;2;1
212;201;198;255;1;1
152;123;116;255;1;1
148;130;125;255;1;1
252;251;251;255;2;1
247;245;244;255;1;1
128;93;84;255;1;1
246;238;238;255;1;1
254;252;252;255;1;1
160;96;96;255;1;1
204;163;163;255;1;1
200;155;155;255;2;1
249;244;244;255;1;1
156;90;90;255;1;1
188;133;133;255;1;1
207;175;175;255;1;1
169;111;111;255;1;1
251;248;248;255;3;1
237;223;223;255;2;1
156;91;91;255;1;1
118;81;71;255;1;1
81;51;43;255;1;1
136;116;111;255;1;1
106;89;84;255;1;1
76;57;50;255;1;1
230;226;225;255;1;1
208;195;191;255;1;1
244;241;237;255;1;1
186;141;141;255;1;1
165;105;105;255;3;1
248;242;242;255;2;1
182;134;134;255;1;1
207;168;168;255;1;1
233;214;214;255;1;1
247;240;240;255;1;1
180;118;118;255;1;1
232;213;213;255;2;1
212;176;176;255;1;1
118;95;89;255;1;1
186;170;146;255;1;1
153;85;85;255;1;1
223;197;197;255;1;1
217;186;186;255;1;1
187;142;142;255;1;1
219;190;190;255;1;1
179;116;116;255;3;1
241;230;230;255;1;1
194;153;153;255;1;1
231;210;210;255;1;1
189;174;151;255;1;1
154;87;87;255;1;1
212;177;177;255;1;1
245;237;237;255;1;1
184;124;124;255;2;1
171;116;116;255;1;1
225;199;199;255;1;1
250;245;245;255;1;1
193;152;152;255;1;1
158;94;94;255;1;1
186;128;128;255;1;1
204;162;162;255;1;1
160;98;98;255;1;1
251;247;247;255;1;1
197;150;150;255;1;1
205;172;172;255;1;1
172;117;117;255;1;1
189;134;134;255;1;1
222;194;194;255;1;1
164;122;111;255;1018;1
219;172;160;255;1431;1
114;76;66;255;306;1
59;34;27;255;143;1
219;167;227;255;1441;3
141;111;145;255;529;3
107;103;103;0;61;1
107;103;103;255;830;1
140;138;138;255;1035;1
79;76;76;0;2542;1
79;76;76;255;455;1
51;37;45;0;924;1
51;37;45;255;93;1
70;50;62;255;82;1
39;28;35;255;17;1
39;28;35;0;516;1
108;109;90;255;2;1
84;85;62;255;19;1
55;56;30;255;5;1
76;31;223;0;625;1
147;129;118;255;933;1
192;181;175;255;397;1
167;43;43;0;445;1
167;43;43;255;47;1
226;153;153;255;11;1
121;37;67;255;36;1
220;163;181;255;6;1
186;71;108;255;12;1
188;146;161;255;2;1
93;28;48;255;12;1
112;100;92;255;30;1
38;35;35;0;1257;3
34;32;32;255;400;2
64;58;58;255;64;1
76;69;69;0;1164;3
81;73;73;255;106;1
126;113;113;255;41;1
34;32;32;0;81;3
16;17;21;255;397;1
41;44;56;255;71;1
64;69;88;255;211;1
73;80;101;255;301;1
31;35;42;255;344;1
21;16;16;0;30;3
61;56;56;0;66;3
113;102;102;0;3;3
61;56;56;255;1316;2
76;69;69;255;106;1
113;102;102;255;41;1
21;16;16;255;397;1
52;41;41;255;71;1
77;64;64;255;211;1
85;74;74;255;301;1
40;32;32;255;344;1
145;126;119;0;2781;1
120;103;97;255;613;1
177;156;148;255;835;1
60;52;49;255;357;1
40;35;32;255;83;1
57;57;57;255;1286;3
57;57;57;0;168;2
38;38;38;255;2747;2
38;38;38;0;30;2
18;18;18;255;1200;1
121;14;14;0;2870;5
121;14;14;11;11;1
121;14;14;14;10;1
121;14;14;17;19;1
121;14;14;21;17;1
121;14;14;27;16;1
121;14;14;38;11;1
121;14;14;52;10;1
121;14;14;65;5;1
121;14;14;78;6;1
121;14;14;87;3;1
121;14;14;94;12;1
121;14;14;105;38;2
121;14;14;116;15;1
121;14;14;129;8;1
121;14;14;128;36;2
121;14;14;109;7;1
121;14;14;79;5;1
121;14;14;1;8;1
121;14;14;3;12;1
121;14;14;32;16;1
121;14;14;46;11;1
121;14;14;45;7;1
121;14;14;48;10;1
121;14;14;59;7;1
121;14;14;77;11;1
121;14;14;85;7;1
121;14;14;84;8;1
121;14;14;68;9;1
121;14;14;56;8;1
121;14;14;5;15;1
121;14;14;115;11;1
121;14;14;137;6;1
121;14;14;156;7;1
121;14;14;170;13;1
121;14;14;177;8;1
121;14;14;180;11;1
121;14;14;184;5;1
121;14;14;187;8;1
121;14;14;198;14;1
121;14;14;211;10;1
121;14;14;220;13;1
121;14;14;217;10;1
121;14;14;199;12;1
121;14;14;172;7;1
121;14;14;139;8;1
121;14;14;107;10;1
121;14;14;73;9;1
121;14;14;35;18;1
121;14;14;10;8;1
121;14;14;31;62;2
121;14;14;69;10;1
121;14;14;104;5;1
121;14;14;118;11;1
121;14;14;120;8;1
121;14;14;121;11;1
121;14;14;134;14;1
121;14;14;161;4;1
121;14;14;189;9;1
121;14;14;203;7;1
121;14;14;201;7;1
121;14;14;197;7;1
121;14;14;192;34;2
121;14;14;179;35;2
121;14;14;153;11;1
121;14;14;57;7;1
121;14;14;25;65;2
121;14;14;18;21;1
121;14;14;70;12;1
121;14;14;167;10;1
121;14;14;182;5;1
121;14;14;195;8;1
121;14;14;209;13;1
121;14;14;221;13;1
121;14;14;230;13;2
121;14;14;234;15;1
121;14;14;233;14;1
121;14;14;232;16;1
121;14;14;235;7;1
121;14;14;241;26;1
121;14;14;246;20;1
121;14;14;249;31;1
121;14;14;247;32;1
121;14;14;239;10;1
121;14;14;226;11;1
121;14;14;210;10;1
121;14;14;144;11;1
121;14;14;92;6;1
121;14;14;4;10;1
121;14;14;34;15;1
121;14;14;58;9;1
121;14;14;126;9;1
121;14;14;146;9;1
121;14;14;155;12;1
121;14;14;173;2;1
121;14;14;194;4;1
121;14;14;244;12;1
121;14;14;119;9;1
121;14;14;80;38;2
121;14;14;54;11;1
121;14;14;41;8;1
121;14;14;30;15;1
121;14;14;22;11;1
121;14;14;19;14;1
121;14;14;23;9;1
121;14;14;29;11;1
121;14;14;86;5;1
121;14;14;163;6;1
121;14;14;237;17;1
121;14;14;242;18;1
121;14;14;245;23;1
121;14;14;248;23;1
121;14;14;252;38;1
121;14;14;251;44;1
121;14;14;250;37;1
121;14;14;253;77;1
121;14;14;227;17;2
121;14;14;6;8;1
121;14;14;37;13;1
121;14;14;113;34;2
121;14;14;174;4;1
121;14;14;185;10;1
121;14;14;213;9;1
121;14;14;231;9;1
121;14;14;236;6;1
121;14;14;212;13;1
121;14;14;151;13;1
121;14;14;106;9;1
121;14;14;93;4;1
121;14;14;33;13;1
121;14;14;20;13;1
121;14;14;47;11;1
121;14;14;53;10;1
121;14;14;81;6;1
121;14;14;55;11;1
121;14;14;44;7;1
121;14;14;26;19;1
121;14;14;24;11;1
121;14;14;40;14;1
121;14;14;91;7;1
121;14;14;150;29;2
121;14;14;254;70;1
121;14;14;225;15;1
121;14;14;98;10;1
121;14;14;148;6;1
121;14;14;206;9;1
121;14;14;219;7;1
121;14;14;223;12;1
121;14;14;208;8;1
121;14;14;196;7;1
121;14;14;127;6;1
121;14;14;50;5;1
121;14;14;89;8;1
121;14;14;131;9;1
121;14;14;136;9;1
121;14;14;135;8;1
121;14;14;143;12;1
121;14;14;168;6;1
121;14;14;152;9;1
121;14;14;110;3;1
121;14;14;88;5;1
121;14;14;63;10;1
121;14;14;15;7;1
121;14;14;49;8;1
121;14;14;193;24;2
121;14;14;186;8;1
121;14;14;101;9;1
121;14;14;240;38;2
121;14;14;243;15;1
121;14;14;204;11;1
121;14;14;61;8;1
121;14;14;183;3;1
121;14;14;224;20;2
121;14;14;216;69;2
121;14;14;238;8;1
121;14;14;218;7;1
121;14;14;200;24;2
121;14;14;175;6;1
121;14;14;100;8;1
121;14;14;42;10;1
121;14;14;188;12;1
121;14;14;108;8;1
121;14;14;95;5;1
121;14;14;176;4;1
121;14;14;112;12;1
121;14;14;162;8;1
121;14;14;171;9;1
121;14;14;62;37;2
121;14;14;123;30;2
121;14;14;60;10;1
121;14;14;2;4;1
79;9;9;254;4;1
121;14;14;228;12;1
121;14;14;164;9;1
121;14;14;36;8;1
121;14;14;207;5;1
121;14;14;83;10;1
121;14;14;140;5;1
60;7;7;254;1;1
79;9;9;253;2;1
121;14;14;215;15;1
121;14;14;8;12;1
68;21;27;255;62;1
121;14;14;142;3;1
121;14;14;64;1;1
8;0;0;254;1;1
8;0;0;252;1;1
60;7;7;252;1;1
121;14;14;229;6;1
121;14;14;130;5;1
121;14;14;133;8;1
121;14;14;75;6;1
121;14;14;28;14;1
121;14;14;82;5;1
121;14;14;103;4;1
121;14;14;190;7;1
121;14;14;205;4;1
121;14;14;72;7;1
121;14;14;157;5;1
121;14;14;202;6;1
121;14;14;76;38;2
121;14;14;165;6;1
121;14;14;191;4;1
121;14;14;158;9;1
121;14;14;141;7;1
121;14;14;178;8;1
121;14;14;122;9;1
121;14;14;74;6;1
121;14;14;132;5;1
121;14;14;145;6;1
121;14;14;160;3;1
121;14;14;169;7;1
121;14;14;114;8;1
121;14;14;102;8;1
121;14;14;117;8;1
121;14;14;16;30;2
121;14;14;51;7;1
121;14;14;66;8;1
121;14;14;90;4;1
121;14;14;214;8;1
121;14;14;13;11;1
121;14;14;12;9;1
121;14;14;147;5;1
121;14;14;39;112;2
121;14;14;97;9;1
121;14;14;71;6;1
121;14;14;125;2;1
121;14;14;43;8;1
121;14;14;149;8;1
121;14;14;159;82;2
121;14;14;7;9;1
121;14;14;222;7;1
121;14;14;124;3;1
121;14;14;111;6;1
121;14;14;181;5;1
121;14;14;166;32;2
121;14;14;138;2;1
121;14;14;9;4;1
121;14;14;99;3;1
121;14;14;67;9;1
121;14;14;96;86;2
121;14;14;154;1;1
185;185;185;255;44;1
146;104;90;0;1013;3
168;124;106;255;595;2
64;42;32;0;67396;1
64;42;32;255;297;1
122;14;14;25;4;4
140;98;57;227;6;1
140;98;57;200;16;1
140;98;57;166;25;1
140;98;57;123;27;1
140;98;57;80;29;1
140;98;57;39;106;1
140;98;57;16;24;1
140;98;57;224;12;1
140;98;57;240;25;1
140;98;57;179;24;1
140;98;57;216;62;1
140;98;57;192;27;1
140;98;57;128;27;1
140;98;57;159;80;1
140;98;57;113;29;1
140;98;57;76;27;1
140;98;57;96;83;1
140;98;57;31;52;1
140;98;57;230;6;1
140;98;57;193;16;1
140;98;57;150;25;1
140;98;57;105;27;1
140;98;57;62;29;1
140;98;57;25;27;1
45;55;64;227;6;1
45;55;64;200;16;1
45;55;64;166;25;1
45;55;64;123;27;1
45;55;64;80;29;1
45;55;64;39;106;1
45;55;64;16;24;1
45;55;64;224;12;1
45;55;64;240;25;1
45;55;64;179;24;1
45;55;64;216;62;1
45;55;64;192;27;1
45;55;64;128;27;1
45;55;64;159;80;1
45;55;64;113;29;1
45;55;64;76;27;1
45;55;64;96;83;1
45;55;64;31;52;1
45;55;64;230;6;1
45;55;64;193;16;1
45;55;64;150;25;1
45;55;64;105;27;1
45;55;64;62;29;1
45;55;64;25;27;1
117;85;73;255;744;1
168;124;106;227;6;1
168;124;106;200;16;1
168;124;106;166;25;1
168;124;106;123;27;1
168;124;106;80;29;1
168;124;106;39;106;1
168;124;106;16;24;1
168;124;106;224;12;1
168;124;106;240;25;1
168;124;106;179;24;1
168;124;106;216;62;1
168;124;106;192;27;1
168;124;106;128;27;1
168;124;106;159;80;1
168;124;106;113;29;1
168;124;106;76;27;1
168;124;106;96;83;1
168;124;106;31;52;1
168;124;106;230;6;1
168;124;106;193;16;1
168;124;106;150;25;1
168;124;106;105;27;1
168;124;106;62;29;1
168;124;106;25;27;1
56;48;49;255;69;5
83;72;74;255;89;5
174;93;93;0;80;1
245;146;146;255;1171;1
246;196;196;255;2420;1
132;62;62;255;378;1
132;62;62;0;6567;1
174;93;93;255;473;1
245;146;146;0;75;1
29;24;24;255;202;2
58;17;17;255;30;2
86;27;27;255;166;2
29;24;24;0;531;2
65;58;58;255;24;1
54;0;0;255;62;2
86;0;0;255;88;2
163;163;163;255;2014;2
204;204;204;255;149;2
74;70;90;255;15;1
76;64;64;0;54;1
119;109;109;255;1171;1
186;170;170;255;2420;1
48;40;40;255;378;1
48;40;40;0;1212;1
76;64;64;255;473;1
119;109;109;0;75;1
235;222;222;0;4997;1
58;17;17;0;1;1
61;90;100;255;75;1
75;105;114;255;75;1
83;112;122;255;12;1
50;81;91;255;59;1
68;98;107;255;82;1
61;86;78;0;2;1
36;35;35;0;38;2
61;57;57;0;12;3
25;24;24;0;7513;1
23;22;22;255;2426;1
44;41;41;255;1317;1
74;70;70;255;804;1
68;63;63;255;2066;1
54;49;49;255;1430;1
80;14;14;255;36;1
35;34;34;255;24;1
112;21;21;255;30;1
128;35;35;255;21;1
156;48;48;255;9;1
58;14;14;255;19;1
32;30;30;255;212;1
35;33;33;0;44;1
47;44;44;0;32;1
72;67;67;0;20;1
65;60;60;0;6;1
77;77;77;255;1905;2
33;33;33;0;111;2
77;77;77;0;539;1
4;0;0;0;333;2
236;167;162;255;121;1
230;136;130;255;163;1
59;0;0;255;161;3
199;166;195;255;6;1
119;72;72;255;146;1
242;109;125;255;54;1
135;135;135;255;216;5
88;28;25;255;405;2
105;40;37;255;1806;2
79;21;18;255;455;2
88;28;25;0;15;1
105;40;37;0;75;1
79;21;18;0;3;1
180;169;168;255;14420;7
90;84;84;255;10592;7
77;35;35;255;128;1
179;113;113;255;208;1
94;0;0;255;8249;3
196;191;192;255;479;1
194;189;190;255;97;1
251;251;251;255;77;1
151;41;41;255;560;1
189;55;55;255;392;1
151;36;36;255;1296;1
191;51;51;255;903;1
90;84;84;0;8;3
123;44;40;255;170;2
152;55;50;255;659;2
95;34;31;255;269;2
37;30;30;255;200;1
65;52;52;255;64;1
81;64;64;255;106;1
120;95;95;255;41;1
20;11;11;255;397;1
57;29;29;255;71;1
92;46;46;255;211;1
106;52;52;255;301;1
43;23;23;255;344;1
213;211;211;0;216;1
213;211;211;255;4674;1
49;49;49;255;220;1
99;99;99;0;8589;2
163;163;163;0;3;1
117;63;57;0;32;1
156;84;77;0;2;1
156;84;77;255;529;1
219;120;110;255;237;1
117;63;57;255;524;1
189;89;79;255;838;1
77;34;30;255;145;1
189;89;79;0;62;1
112;50;44;255;60;1
112;50;44;0;6;1
77;34;30;0;6;1
154;130;143;255;2;1
104;72;69;255;2932;1
74;51;49;255;1134;1
135;93;90;255;671;1
16;16;16;255;92;1
119;65;65;255;3099;1
149;90;90;255;2673;1
240;240;240;255;172;1
241;241;241;255;9;1
86;46;46;255;1475;1
64;33;33;255;895;1
135;92;92;255;49;1
180;123;123;255;296;1
129;88;88;255;268;1
208;199;179;255;514;1
65;65;65;255;1249;1
160;160;160;255;163;1
115;115;115;255;218;1
235;163;163;255;398;1
219;181;124;255;22;1
255;227;179;255;98;2
159;80;78;255;208;1
35;0;0;255;32;2
181;211;229;255;93;1
130;40;40;255;27;1
208;64;64;255;27;1
145;178;198;255;24;1
90;19;19;255;57;1
115;62;62;255;38;1
48;46;46;0;9;1
82;31;34;0;124;2
122;47;51;0;194;2
162;148;90;0;3;1
180;74;80;255;191;1
180;74;80;0;489;1
63;22;24;255;41;1
63;22;24;0;4125;1
49;16;18;255;37;1
159;140;140;255;4;1
79;23;19;255;24;2
123;51;35;255;35;2
167;87;59;255;21;2
57;181;74;255;490;1
0;70;30;255;240;1
124;197;118;255;90;1
124;197;118;0;10778;1
0;114;54;0;248;1
0;70;30;0;3733;1
147;146;157;255;1490;1
181;174;191;255;2371;1
89;88;98;255;1104;1
105;81;47;255;163;1
61;47;27;255;173;1
222;222;222;255;83;1
206;193;166;255;135;1
148;149;97;255;78;1
87;61;50;255;99;1
62;43;35;255;73;1
147;146;157;0;1;1
206;193;166;0;1;1
62;43;35;0;2;1
105;104;116;255;39;1
175;156;159;255;710;2
217;198;209;255;807;2
131;106;110;255;265;2
221;169;169;255;263;1
180;119;119;0;3062;1
255;203;204;255;284;1
180;119;119;255;95;1
101;63;63;255;36;1
96;77;80;255;4;1
157;122;71;0;2;1
98;71;59;0;70;1
119;0;0;0;282;1
119;0;0;255;320;1
205;128;128;255;17;1
87;0;0;0;103;1
87;0;0;255;104;1
192;83;83;0;729;1
224;105;105;0;5;1
173;27;33;255;76;1
173;27;33;0;51;1
127;19;23;255;48;1
127;19;23;0;123;1
26;26;26;255;1440;3
255;199;135;255;60;1
223;143;91;255;20;1
35;35;35;0;1186;2
44;44;44;0;4;1
161;161;161;255;2069;2
26;26;26;0;353;2
127;126;126;255;10;1
161;161;161;0;382;1
183;183;183;255;2085;1
103;35;35;255;161;1
89;77;95;0;5;1
89;77;95;255;2100;4
115;100;123;255;172;4
115;100;123;0;140;1
68;60;73;255;788;4
68;60;73;0;57;1
47;41;50;255;416;4
47;41;50;0;109;1
188;187;174;255;407;1
216;216;208;255;873;1
166;96;96;255;57;1
159;158;139;255;153;1
